Workbook

Sheet ВШРФК
A3: Оснащение | C3: Аудитория (компьютер, экран (Плазма), колонки) | PA3: Лекционная (мультимедийная трибуна, компьютер, проектор, экран, камера, микрофон, колонки) | PS3: Лекционная (мультимедийная трибуна, компьютер, проектор, экран, камера, колонки) | QK3: Лекционная (мультимедийная трибуна, компьютер, проектор, экран, камера, микрофон, колонки) | RU3: Актовый зал (интерактивная панель, колонки, микрофон, камера)
A4: Кол. мест | C4: 25 | PA4: 84 | PS4: 84 | QK4: 128 | RU4: 200
A5: Описание | C5: 216 (25) РЛиМП | U5: 217 (30) РЛиМП | AM5: 218 (25) РЛиМП | BE5: 219/220 (30) ПЭЛ | GA5: 305 (РКИ) | GS5: 306 (РКИ) | HK5: 307 (РКИ) | IC5: 308 (РКИ) | IU5: 310 (РКИ) | JM5: 314 (РКИ) | PA5: 241/242 (84) ПотокЛекция | PS5: 243/244 (84) ПотокЛекция | QK5: 342/343 (128) ПотокЛекция | RU5: Актовый зал редактируется в листе "ИФМК+Поточные" | SM5: Онлайн занятия | TE5: Онлайн занятия | TW5: Онлайн занятия | UO5: Онлайн занятия | VG5: Онлайн занятия / ЦОР | VY5: Онлайн занятия | WQ5: Онлайн занятия | XI5: 346/347 ВШНКО | YA5: ВОГ (ул. Кул Гали, д. 24) | YS5: СЦ (ул. Карла Маркса, д. 74а) | ZK5: ВШЗФМК | AAC5: EDUTECH | AAU5: EDUTECH | ABM5: EDUTECH
A6: День | B6: Время | C6: 216 | U6: 217 | AM6: 218 | BE6: 219/220 | BW6: 221 | CO6: 252 а | DG6: 301 | DY6: 302 | EQ6: 303 | FI6: 304 | GA6: 305 | GS6: 306 | HK6: 307 | IC6: 308 | IU6: 310 | JM6: 314 | KE6: 318 | KW6: 322 | LO6: 323 | MG6: 348 | MY6: 349 | NQ6: 350 | OI6: 411 | PA6: 241/242 | PS6: 243/244 | QK6: 342/343 | RC6: Физ-ра | RU6: 355 (АЗ) | ACW6: 249(2) | ADO6: 249(3) | AEG6: 249(4) | AEY6: 249(5)
A7: Нед | C7: 1 | D7: 2 | E7: 3 | F7: 4 | G7: 5 | H7: 6 | I7: 7 | J7: 8 | K7: 9 | L7: 10 | M7: 11 | N7: 12 | O7: 13 | P7: 14 | Q7: 15 | R7: 16 | S7: 17 | T7: 18 | U7: 1 | V7: 2 | W7: 3 | X7: 4 | Y7: 5 | Z7: 6 | AA7: 7 | AB7: 8 | AC7: 9 | AD7: 10 | AE7: 11 | AF7: 12 | AG7: 13 | AH7: 14 | AI7: 15 | AJ7: 16 | AK7: 17 | AL7: 18 | AM7: 1 | AN7: 2 | AO7: 3 | AP7: 4 | AQ7: 5 | AR7: 6 | AS7: 7 | AT7: 8 | AU7: 9 | AV7: 10 | AW7: 11 | AX7: 12 | AY7: 13 | AZ7: 14 | BA7: 15 | BB7: 16 | BC7: 17 | BD7: 18 | BE7: 1 | BF7: 2 | BG7: 3 | BH7: 4 | BI7: 5 | BJ7: 6 | BK7: 7 | BL7: 8 | BM7: 9 | BN7: 10 | BO7: 11 | BP7: 12 | BQ7: 13 | BR7: 14 | BS7: 15 | BT7: 16 | BU7: 17 | BV7: 18 | BW7: 1 | BX7: 2 | BY7: 3 | BZ7: 4 | CA7: 5 | CB7: 6 | CC7: 7 | CD7: 8 | CE7: 9 | CF7: 10 | CG7: 11 | CH7: 12 | CI7: 13 | CJ7: 14 | CK7: 15 | CL7: 16 | CM7: 17 | CN7: 18 | CO7: 1 | CP7: 2 | CQ7: 3 | CR7: 4 | CS7: 5 | CT7: 6 | CU7: 7 | CV7: 8 | CW7: 9 | CX7: 10 | CY7: 11 | CZ7: 12 | DA7: 13 | DB7: 14 | DC7: 15 | DD7: 16 | DE7: 17 | DF7: 18 | DG7: 1 | DH7: 2 | DI7: 3 | DJ7: 4 | DK7: 5 | DL7: 6 | DM7: 7 | DN7: 8 | DO7: 9 | DP7: 10 | DQ7: 11 | DR7: 12 | DS7: 13 | DT7: 14 | DU7: 15 | DV7: 16 | DW7: 17 | DX7: 18 | DY7: 1 | DZ7: 2 | EA7: 3 | EB7: 4 | EC7: 5 | ED7: 6 | EE7: 7 | EF7: 8 | EG7: 9 | EH7: 10 | EI7: 11 | EJ7: 12 | EK7: 13 | EL7: 14 | EM7: 15 | EN7: 16 | EO7: 17 | EP7: 18 | EQ7: 1 | ER7: 2 | ES7: 3 | ET7: 4 | EU7: 5 | EV7: 6 | EW7: 7 | EX7: 8 | EY7: 9 | EZ7: 10 | FA7: 11 | FB7: 12 | FC7: 13 | FD7: 14 | FE7: 15 | FF7: 16 | FG7: 17 | FH7: 18 | FI7: 1 | FJ7: 2 | FK7: 3 | FL7: 4 | FM7: 5 | FN7: 6 | FO7: 7 | FP7: 8 | FQ7: 9 | FR7: 10 | FS7: 11 | FT7: 12 | FU7: 13 | FV7: 14 | FW7: 15 | FX7: 16 | FY7: 17 | FZ7: 18 | GA7: 1 | GB7: 2 | GC7: 3 | GD7: 4 | GE7: 5 | GF7: 6 | GG7: 7 | GH7: 8 | GI7: 9 | GJ7: 10 | GK7: 11 | GL7: 12 | GM7: 13 | GN7: 14 | GO7: 15 | GP7: 16 | GQ7: 17 | GR7: 18 | GS7: 1 | GT7: 2 | GU7: 3 | GV7: 4 | GW7: 5 | GX7: 6 | GY7: 7 | GZ7: 8 | HA7: 9 | HB7: 10 | HC7: 11 | HD7: 12 | HE7: 13 | HF7: 14 | HG7: 15 | HH7: 16 | HI7: 17 | HJ7: 18 | HK7: 1 | HL7: 2 | HM7: 3 | HN7: 4 | HO7: 5 | HP7: 6 | HQ7: 7 | HR7: 8 | HS7: 9 | HT7: 10 | HU7: 11 | HV7: 12 | HW7: 13 | HX7: 14 | HY7: 15 | HZ7: 16 | IA7: 17 | IB7: 18 | IC7: 1 | ID7: 2 | IE7: 3 | IF7: 4 | IG7: 5 | IH7: 6 | II7: 7 | IJ7: 8 | IK7: 9 | IL7: 10 | IM7: 11 | IN7: 12 | IO7: 13 | IP7: 14 | IQ7: 15 | IR7: 16 | IS7: 17 | IT7: 18 | IU7: 1 | IV7: 2 | IW7: 3 | IX7: 4 | IY7: 5 | IZ7: 6 | JA7: 7 | JB7: 8 | JC7: 9 | JD7: 10 | JE7: 11 | JF7: 12 | JG7: 13 | JH7: 14 | JI7: 15 | JJ7: 16 | JK7: 17 | JL7: 18 | JM7: 1 | JN7: 2 | JO7: 3 | JP7: 4 | JQ7: 5 | JR7: 6 | JS7: 7 | JT7: 8 | JU7: 9 | JV7: 10 | JW7: 11 | JX7: 12 | JY7: 13 | JZ7: 14 | KA7: 15 | KB7: 16 | KC7: 17 | KD7: 18 | KE7: 1 | KF7: 2 | KG7: 3 | KH7: 4 | KI7: 5 | KJ7: 6 | KK7: 7 | KL7: 8 | KM7: 9 | KN7: 10 | KO7: 11 | KP7: 12 | KQ7: 13 | KR7: 14 | KS7: 15 | KT7: 16 | KU7: 17 | KV7: 18 | KW7: 1 | KX7: 2 | KY7: 3 | KZ7: 4 | LA7: 5 | LB7: 6 | LC7: 7 | LD7: 8 | LE7: 9 | LF7: 10 | LG7: 11 | LH7: 12 | LI7: 13 | LJ7: 14 | LK7: 15 | LL7: 16 | LM7: 17 | LN7: 18 | LO7: 1 | LP7: 2 | LQ7: 3 | LR7: 4 | LS7: 5 | LT7: 6 | LU7: 7 | LV7: 8 | LW7: 9 | LX7: 10 | LY7: 11 | LZ7: 12 | MA7: 13 | MB7: 14 | MC7: 15 | MD7: 16 | ME7: 17 | MF7: 18 | MG7: 1 | MH7: 2 | MI7: 3 | MJ7: 4 | MK7: 5 | ML7: 6 | MM7: 7 | MN7: 8 | MO7: 9 | MP7: 10 | MQ7: 11 | MR7: 12 | MS7: 13 | MT7: 14 | MU7: 15 | MV7: 16 | MW7: 17 | MX7: 18 | MY7: 1 | MZ7: 2 | NA7: 3 | NB7: 4 | NC7: 5 | ND7: 6 | NE7: 7 | NF7: 8 | NG7: 9 | NH7: 10 | NI7: 11 | NJ7: 12 | NK7: 13 | NL7: 14 | NM7: 15 | NN7: 16 | NO7: 17 | NP7: 18 | NQ7: 1 | NR7: 2 | NS7: 3 | NT7: 4 | NU7: 5 | NV7: 6 | NW7: 7 | NX7: 8 | NY7: 9 | NZ7: 10 | OA7: 11 | OB7: 12 | OC7: 13 | OD7: 14 | OE7: 15 | OF7: 16 | OG7: 17 | OH7: 18 | OI7: 1 | OJ7: 2 | OK7: 3 | OL7: 4 | OM7: 5 | ON7: 6 | OO7: 7 | OP7: 8 | OQ7: 9 | OR7: 10 | OS7: 11 | OT7: 12 | OU7: 13 | OV7: 14 | OW7: 15 | OX7: 16 | OY7: 17 | OZ7: 18 | PA7: 1 | PB7: 2 | PC7: 3 | PD7: 4 | PE7: 5 | PF7: 6 | PG7: 7 | PH7: 8 | PI7: 9 | PJ7: 10 | PK7: 11 | PL7: 12 | PM7: 13 | PN7: 14 | PO7: 15 | PP7: 16 | PQ7: 17 | PR7: 18 | PS7: 1 | PT7: 2 | PU7: 3 | PV7: 4 | PW7: 5 | PX7: 6 | PY7: 7 | PZ7: 8 | QA7: 9 | QB7: 10 | QC7: 11 | QD7: 12 | QE7: 13 | QF7: 14 | QG7: 15 | QH7: 16 | QI7: 17 | QJ7: 18 | QK7: 1 | QL7: 2 | QM7: 3 | QN7: 4 | QO7: 5 | QP7: 6 | QQ7: 7 | QR7: 8 | QS7: 9 | QT7: 10 | QU7: 11 | QV7: 12 | QW7: 13 | QX7: 14 | QY7: 15 | QZ7: 16 | RA7: 17 | RB7: 18 | RC7: 1 | RD7: 2 | RE7: 3 | RF7: 4 | RG7: 5 | RH7: 6 | RI7: 7 | RJ7: 8 | RK7: 9 | RL7: 10 | RM7: 11 | RN7: 12 | RO7: 13 | RP7: 14 | RQ7: 15 | RR7: 16 | RS7: 17 | RT7: 18 | RU7: 1 | RV7: 2 | RW7: 3 | RX7: 4 | RY7: 5 | RZ7: 6 | SA7: 7 | SB7: 8 | SC7: 9 | SD7: 10 | SE7: 11 | SF7: 12 | SG7: 13 | SH7: 14 | SI7: 15 | SJ7: 16 | SK7: 17 | SL7: 18 | SM7: 1 | SN7: 2 | SO7: 3 | SP7: 4 | SQ7: 5 | SR7: 6 | SS7: 7 | ST7: 8 | SU7: 9 | SV7: 10 | SW7: 11 | SX7: 12 | SY7: 13 | SZ7: 14 | TA7: 15 | TB7: 16 | TC7: 17 | TD7: 18 | TE7: 1 | TF7: 2 | TG7: 3 | TH7: 4 | TI7: 5 | TJ7: 6 | TK7: 7 | TL7: 8 | TM7: 9 | TN7: 10 | TO7: 11 | TP7: 12 | TQ7: 13 | TR7: 14 | TS7: 15 | TT7: 16 | TU7: 17 | TV7: 18 | TW7: 1 | TX7: 2 | TY7: 3 | TZ7: 4 | UA7: 5 | UB7: 6 | UC7: 7 | UD7: 8 | UE7: 9 | UF7: 10 | UG7: 11 | UH7: 12 | UI7: 13 | UJ7: 14 | UK7: 15 | UL7: 16 | UM7: 17 | UN7: 18 | UO7: 1 | UP7: 2 | UQ7: 3 | UR7: 4 | US7: 5 | UT7: 6 | UU7: 7 | UV7: 8 | UW7: 9 | UX7: 10 | UY7: 11 | UZ7: 12 | VA7: 13 | VB7: 14 | VC7: 15 | VD7: 16 | VE7: 17 | VF7: 18 | VG7: 1 | VH7: 2 | VI7: 3 | VJ7: 4 | VK7: 5 | VL7: 6 | VM7: 7 | VN7: 8 | VO7: 9 | VP7: 10 | VQ7: 11 | VR7: 12 | VS7: 13 | VT7: 14 | VU7: 15 | VV7: 16 | VW7: 17 | VX7: 18 | VY7: 1 | VZ7: 2 | WA7: 3 | WB7: 4 | WC7: 5 | WD7: 6 | WE7: 7 | WF7: 8 | WG7: 9 | WH7: 10 | WI7: 11 | WJ7: 12 | WK7: 13 | WL7: 14 | WM7: 15 | WN7: 16 | WO7: 17 | WP7: 18 | WQ7: 1 | WR7: 2 | WS7: 3 | WT7: 4 | WU7: 5 | WV7: 6 | WW7: 7 | WX7: 8 | WY7: 9 | WZ7: 10 | XA7: 11 | XB7: 12 | XC7: 13 | XD7: 14 | XE7: 15 | XF7: 16 | XG7: 17 | XH7: 18 | XI7: 1 | XJ7: 2 | XK7: 3 | XL7: 4 | XM7: 5 | XN7: 6 | XO7: 7 | XP7: 8 | XQ7: 9 | XR7: 10 | XS7: 11 | XT7: 12 | XU7: 13 | XV7: 14 | XW7: 15 | XX7: 16 | XY7: 17 | XZ7: 18 | YA7: 1 | YB7: 2 | YC7: 3 | YD7: 4 | YE7: 5 | YF7: 6 | YG7: 7 | YH7: 8 | YI7: 9 | YJ7: 10 | YK7: 11 | YL7: 12 | YM7: 13 | YN7: 14 | YO7: 15 | YP7: 16 | YQ7: 17 | YR7: 18 | YS7: 1 | YT7: 2 | YU7: 3 | YV7: 4 | YW7: 5 | YX7: 6 | YY7: 7 | YZ7: 8 | ZA7: 9 | ZB7: 10 | ZC7: 11 | ZD7: 12 | ZE7: 13 | ZF7: 14 | ZG7: 15 | ZH7: 16 | ZI7: 17 | ZJ7: 18 | ZK7: 1 | ZL7: 2 | ZM7: 3 | ZN7: 4 | ZO7: 5 | ZP7: 6 | ZQ7: 7 | ZR7: 8 | ZS7: 9 | ZT7: 10 | ZU7: 11 | ZV7: 12 | ZW7: 13 | ZX7: 14 | ZY7: 15 | ZZ7: 16 | AAA7: 17 | AAB7: 18 | AAC7: 1 | AAD7: 2 | AAE7: 3 | AAF7: 4 | AAG7: 5 | AAH7: 6 | AAI7: 7 | AAJ7: 8 | AAK7: 9 | AAL7: 10 | AAM7: 11 | AAN7: 12 | AAO7: 13 | AAP7: 14 | AAQ7: 15 | AAR7: 16 | AAS7: 17 | AAT7: 18 | AAU7: 1 | AAV7: 2 | AAW7: 3 | AAX7: 4 | AAY7: 5 | AAZ7: 6 | ABA7: 7 | ABB7: 8 | ABC7: 9 | ABD7: 10 | ABE7: 11 | ABF7: 12 | ABG7: 13 | ABH7: 14 | ABI7: 15 | ABJ7: 16 | ABK7: 17 | ABL7: 18 | ABM7: 1 | ABN7: 2 | ABO7: 3 | ABP7: 4 | ABQ7: 5 | ABR7: 6 | ABS7: 7 | ABT7: 8 | ABU7: 9 | ABV7: 10 | ABW7: 11 | ABX7: 12 | ABY7: 13 | ABZ7: 14 | ACA7: 15 | ACB7: 16 | ACC7: 17 | ACD7: 18 | ACE7: 1 | ACF7: 2 | ACG7: 3 | ACH7: 4 | ACI7: 5 | ACJ7: 6 | ACK7: 7 | ACL7: 8 | ACM7: 9 | ACN7: 10 | ACO7: 11 | ACP7: 12 | ACQ7: 13 | ACR7: 14 | ACS7: 15 | ACT7: 16 | ACU7: 17 | ACV7: 18 | ACW7: 1 | ACX7: 2 | ACY7: 3 | ACZ7: 4 | ADA7: 5 | ADB7: 6 | ADC7: 7 | ADD7: 8 | ADE7: 9 | ADF7: 10 | ADG7: 11 | ADH7: 12 | ADI7: 13 | ADJ7: 14 | ADK7: 15 | ADL7: 16 | ADM7: 17 | ADN7: 18 | ADO7: 1 | ADP7: 2 | ADQ7: 3 | ADR7: 4 | ADS7: 5 | ADT7: 6 | ADU7: 7 | ADV7: 8 | ADW7: 9 | ADX7: 10 | ADY7: 11 | ADZ7: 12 | AEA7: 13 | AEB7: 14 | AEC7: 15 | AED7: 16 | AEE7: 17 | AEF7: 18 | AEG7: 1 | AEH7: 2 | AEI7: 3 | AEJ7: 4 | AEK7: 5 | AEL7: 6 | AEM7: 7 | AEN7: 8 | AEO7: 9 | AEP7: 10 | AEQ7: 11 | AER7: 12 | AES7: 13 | AET7: 14 | AEU7: 15 | AEV7: 16 | AEW7: 17 | AEX7: 18 | AEY7: 1 | AEZ7: 2 | AFA7: 3 | AFB7: 4 | AFC7: 5 | AFD7: 6 | AFE7: 7 | AFF7: 8 | AFG7: 9 | AFH7: 10 | AFI7: 11 | AFJ7: 12 | AFK7: 13 | AFL7: 14 | AFM7: 15 | AFN7: 16 | AFO7: 17 | AFP7: 18 | AFQ7: 1 | AFR7: 2 | AFS7: 3 | AFT7: 4 | AFU7: 5 | AFV7: 6 | AFW7: 7 | AFX7: 8 | AFY7: 9 | AFZ7: 10 | AGA7: 11 | AGB7: 12 | AGC7: 13 | AGD7: 14 | AGE7: 15 | AGF7: 16 | AGG7: 17 | AGH7: 18
A8: понедельник | B8: 0.35416667 | C8: 10.3-354 Практика по профилю подготовки (в области русского языка) (Пр. 2-13 нед., 24 ч.), Карасева А.И. | U8: 10.3-252Б Практический курс английского языка (Пр. 2-11, 16-17 нед., 24 ч.), Мифтахова Л.Б. | AM8: 10.3-342Б Практический курс русского языка (Пр. 2-11, 16 нед., 22 ч.), Каипова Р.Р. //461, Полякова ИВ (14 нед.) | BE8: 461, Бушканец (9 нед.) // 10.3-341 Организация внеурочной деятельности по русскому языку (Пр. 11 нед., 2 ч.), Абдуллина И.И. | BW8: 10.3-681 Научно-исследовательская работа (литература) (пр. 2-10 нед., 18 ч.) Пашкуров А.Н. // 10.3-455 Теория и методика обучения русскому языку (Пр. 13-17 нед., 10 ч.), Нуруллина Г.М., ауд. 221 | DG8: 10.3-551, 10.3-552, 10.3-553 Татарский язык в профессиональной коммуникации (Пр. 2-13 нед., 24 ч.), Салахова Р.Р. | DY8: 10.3-551, 10.3-552, 10.3-553 Татарский язык в профессиональной коммуникации (Пр. 2-13 нед., 24 ч.), Набиуллина Г.А. | EQ8: 10.3-641Б Практикум произносительных навыков (Пр. 11-17 нед., 14 ч.), Загребельная М.С. | FI8: 10.3-551, 10.3-552, 10.3-553 Татарский язык в профессиональной коммуникации (Пр. 2-13 нед., 24 ч.), Кириллова З.Н. // 10.3-551 Историческая фонетика и грамматика русского языка (Пр. 14-15 нед., 4 ч.), Карасева А.И. // 10.3-553 Историческая фонетика и грамматика русского языка (Пр. 16-17 нед., 4 ч.), Карасева А.И. | GA8: 10.3-551, 10.3-552, 10.3-553 Татарский язык в профессиональной коммуникации (Пр. 2-13 нед., 24 ч.), Сибгаева Ф.Р. | GS8: 10.3-551, 10.3-552, 10.3-553 Татарский язык в профессиональной коммуникации (Пр. 2-13 нед., 24 ч.), Денмухаметова Э.Н. | HK8: 10.3-601 ДВ. Литературоведческий анализ (л. 5-9 нед., 10 ч.) Бурцева Т.А., ссылка: https://telemost.yandex.ru/j/14564373098961// Лексикология русского языка (пр. 12-17 нед., 12 ч.) Ахметзянова Л.М., ссылка: https://kpfu.mts-link.ru/j/102836271/1819308074 | IC8: 10.3-501 Практическая грамматика русского языка (пр. 6-8, 12-17 нед., 12 ч.) Гайнутдинова А.Ф. // 10.3-521Б, Алвасете ЕЕ (9 нед.) // 10.3-472, Скворцов АЭ (11 нед.) | IU8: 10.3-321 Практическая грамматика Пр., Закиров Р.Д. (2-11 нед., 20 ч.), ауд. 310 \\ 10.3-321 Стилистика русского языка Пр., Сайфиева М.И. (12-14 нед., 6 ч.), ауд. 310 \\ | JM8: \\ 10.3-322 ДВ Язык средств массовой информации (английский язык) Пр., Алексеева Л.И. (5-8 нед., 8 ч.), ауд. 314 \\ 10.3-661 Фонетика, орфоэпия русского языка (Пр. 9-17 нед., 18 ч.), Чупрякова О.А. | KE8: 10.3-256 Организация внеклассной работы по английскому языку (Пр. 2-11, 16-17 нед., 24 ч.), Хакимуллина Д.Ф. | MG8: 10.3-432 Русская литература конца XIX - начала ХХ века (Л. 2-14 нед., 26 ч.), Бреева Т.Н. // 10.3-354 ФТД Практикум по культуре речевого общения на английском языке (Пр. 15-17 нед., 6 ч.), Шейнина Д.П. | MY8: 10.3-254А Практический курс английского языка (Пр. 2-11 нед., 16-17 нед., 24 ч.), Гарифуллин А.Ф. // 10.3-354 Синтетическое чтение на английском языке (Пр. 14 нед., 2 ч.), Гарифуллин А.Ф. | NQ8: 10.3-252А Практический курс английского языка (Пр. 2-11, 16-17 нед., 24 ч.), Вагнер К.Р. | OI8: 10.3-255 Трудные вопросы грамматики в школе и вузе (Пр. 2-11 нед., 20 ч.), Корнеева Т.А. // | RC8: 10.3-621, 10.3-622, 10.3-623, 10.3-651, 10.3-652, 10.3-653 8:00 Физическая культура и спорт (Пр. 2-18 нед., 34 ч.), Бутлерова, 4
C9: 1 | P9: 14 | Q9: 15 | R9: 16 | S9: 17 | T9: 18 | U9: 1 | AF9: 12 | AG9: 13 | AH9: 14 | AI9: 15 | AL9: 18 | AM9: 1 | AX9: 12 | AY9: 13 | BA9: 15 | BC9: 17 | BD9: 18 | BE9: 1 | BF9: 2 | BG9: 3 | BH9: 4 | BI9: 5 | BJ9: 6 | BK9: 7 | BL9: 8 | BN9: 10 | BP9: 12 | BQ9: 13 | BR9: 14 | BS9: 15 | BT9: 16 | BU9: 17 | BV9: 18 | BW9: 1 | CG9: 11 | CH9: 12 | CN9: 18 | CO9: 1 | CP9: 2 | CQ9: 3 | CR9: 4 | CS9: 5 | CT9: 6 | CU9: 7 | CV9: 8 | CW9: 9 | CX9: 10 | CY9: 11 | CZ9: 12 | DA9: 13 | DB9: 14 | DC9: 15 | DD9: 16 | DE9: 17 | DF9: 18 | DG9: 1 | DT9: 14 | DU9: 15 | DV9: 16 | DW9: 17 | DX9: 18 | DY9: 1 | EL9: 14 | EM9: 15 | EN9: 16 | EO9: 17 | EP9: 18 | EQ9: 1 | ER9: 2 | ES9: 3 | ET9: 4 | EU9: 5 | EV9: 6 | EW9: 7 | EX9: 8 | EY9: 9 | EZ9: 10 | FH9: 18 | FI9: 1 | FZ9: 18 | GA9: 1 | GN9: 14 | GO9: 15 | GP9: 16 | GQ9: 17 | GR9: 18 | GS9: 1 | HF9: 14 | HG9: 15 | HH9: 16 | HI9: 17 | HJ9: 18 | HK9: 1 | HL9: 2 | HM9: 3 | HN9: 4 | HO9: 5 | HP9: 6 | HQ9: 7 | HR9: 8 | HS9: 9 | HT9: 10 | HU9: 11 | HV9: 12 | HW9: 13 | HX9: 14 | HY9: 15 | HZ9: 16 | IA9: 17 | IB9: 18 | IC9: 1 | ID9: 2 | IE9: 3 | IF9: 4 | IG9: 5 | IL9: 10 | IT9: 18 | IU9: 1 | JI9: 15 | JJ9: 16 | JK9: 17 | JL9: 18 | JM9: 1 | JN9: 2 | JO9: 3 | JP9: 4 | KD9: 18 | KE9: 1 | KP9: 12 | KQ9: 13 | KR9: 14 | KS9: 15 | KV9: 18 | KW9: 1 | KX9: 2 | KY9: 3 | KZ9: 4 | LA9: 5 | LB9: 6 | LC9: 7 | LD9: 8 | LE9: 9 | LF9: 10 | LG9: 11 | LH9: 12 | LI9: 13 | LJ9: 14 | LK9: 15 | LL9: 16 | LM9: 17 | LN9: 18 | LO9: 1 | LP9: 2 | LQ9: 3 | LR9: 4 | LS9: 5 | LT9: 6 | LU9: 7 | LV9: 8 | LW9: 9 | LX9: 10 | LY9: 11 | LZ9: 12 | MA9: 13 | MB9: 14 | MC9: 15 | MD9: 16 | ME9: 17 | MF9: 18 | MG9: 1 | MX9: 18 | MY9: 1 | NJ9: 12 | NK9: 13 | NM9: 15 | NP9: 18 | NQ9: 1 | OB9: 12 | OC9: 13 | OD9: 14 | OE9: 15 | OH9: 18 | OI9: 1 | OT9: 12 | OU9: 13 | OV9: 14 | OW9: 15 | OX9: 16 | OY9: 17 | OZ9: 18 | PA9: 1 | PB9: 2 | PC9: 3 | PD9: 4 | PE9: 5 | PF9: 6 | PG9: 7 | PH9: 8 | PI9: 9 | PJ9: 10 | PK9: 11 | PL9: 12 | PM9: 13 | PN9: 14 | PO9: 15 | PP9: 16 | PQ9: 17 | PR9: 18 | PS9: 1 | PT9: 2 | PU9: 3 | PV9: 4 | PW9: 5 | PX9: 6 | PY9: 7 | PZ9: 8 | QA9: 9 | QB9: 10 | QC9: 11 | QD9: 12 | QE9: 13 | QF9: 14 | QG9: 15 | QH9: 16 | QI9: 17 | QJ9: 18 | QK9: 1 | QL9: 2 | QM9: 3 | QN9: 4 | QO9: 5 | QP9: 6 | QQ9: 7 | QR9: 8 | QS9: 9 | QT9: 10 | QU9: 11 | QV9: 12 | QW9: 13 | QX9: 14 | QY9: 15 | QZ9: 16 | RA9: 17 | RB9: 18 | RC9: 1 | RD9: 2 | RE9: 3 | RF9: 4 | RG9: 5 | RH9: 6 | RI9: 7 | RJ9: 8 | RK9: 9 | RL9: 10 | RM9: 11 | RN9: 12 | RO9: 13 | RP9: 14 | RQ9: 15 | RR9: 16 | RS9: 17 | RT9: 18 | RU9: 1 | RV9: 2 | RW9: 3 | RX9: 4 | RY9: 5 | RZ9: 6 | SA9: 7 | SB9: 8 | SC9: 9 | SD9: 10 | SE9: 11 | SF9: 12 | SG9: 13 | SH9: 14 | SI9: 15 | SJ9: 16 | SK9: 17 | SL9: 18 | SM9: 1 | SN9: 2 | SO9: 3 | SP9: 4 | SQ9: 5 | SR9: 6 | SS9: 7 | ST9: 8 | SU9: 9 | SV9: 10 | SW9: 11 | SX9: 12 | SY9: 13 | SZ9: 14 | TA9: 15 | TB9: 16 | TC9: 17 | TD9: 18 | TE9: 1 | TF9: 2 | TG9: 3 | TH9: 4 | TI9: 5 | TJ9: 6 | TK9: 7 | TL9: 8 | TM9: 9 | TN9: 10 | TO9: 11 | TP9: 12 | TQ9: 13 | TR9: 14 | TS9: 15 | TT9: 16 | TU9: 17 | TV9: 18 | TW9: 1 | TX9: 2 | TY9: 3 | TZ9: 4 | UA9: 5 | UB9: 6 | UC9: 7 | UD9: 8 | UE9: 9 | UF9: 10 | UG9: 11 | UH9: 12 | UI9: 13 | UJ9: 14 | UK9: 15 | UL9: 16 | UM9: 17 | UN9: 18 | UO9: 1 | UP9: 2 | UQ9: 3 | UR9: 4 | US9: 5 | UT9: 6 | UU9: 7 | UV9: 8 | UW9: 9 | UX9: 10 | UY9: 11 | UZ9: 12 | VA9: 13 | VB9: 14 | VC9: 15 | VD9: 16 | VE9: 17 | VF9: 18 | VG9: 1 | VH9: 2 | VI9: 3 | VJ9: 4 | VK9: 5 | VL9: 6 | VM9: 7 | VN9: 8 | VO9: 9 | VP9: 10 | VQ9: 11 | VR9: 12 | VS9: 13 | VT9: 14 | VU9: 15 | VV9: 16 | VW9: 17 | VX9: 18 | VY9: 1 | VZ9: 2 | WA9: 3 | WB9: 4 | WC9: 5 | WD9: 6 | WE9: 7 | WF9: 8 | WG9: 9 | WH9: 10 | WI9: 11 | WJ9: 12 | WK9: 13 | WL9: 14 | WM9: 15 | WN9: 16 | WO9: 17 | WP9: 18 | WQ9: 1 | WR9: 2 | WS9: 3 | WT9: 4 | WU9: 5 | WV9: 6 | WW9: 7 | WX9: 8 | WY9: 9 | WZ9: 10 | XA9: 11 | XB9: 12 | XC9: 13 | XD9: 14 | XE9: 15 | XF9: 16 | XG9: 17 | XH9: 18 | XI9: 1 | XJ9: 2 | XK9: 3 | XL9: 4 | XM9: 5 | XN9: 6 | XO9: 7 | XP9: 8 | XQ9: 9 | XR9: 10 | XS9: 11 | XT9: 12 | XU9: 13 | XV9: 14 | XW9: 15 | XX9: 16 | XY9: 17 | XZ9: 18 | YA9: 1 | YB9: 2 | YC9: 3 | YD9: 4 | YE9: 5 | YF9: 6 | YG9: 7 | YH9: 8 | YI9: 9 | YJ9: 10 | YK9: 11 | YL9: 12 | YM9: 13 | YN9: 14 | YO9: 15 | YP9: 16 | YQ9: 17 | YR9: 18 | YS9: 1 | YT9: 2 | YU9: 3 | YV9: 4 | YW9: 5 | YX9: 6 | YY9: 7 | YZ9: 8 | ZA9: 9 | ZB9: 10 | ZC9: 11 | ZD9: 12 | ZE9: 13 | ZF9: 14 | ZG9: 15 | ZH9: 16 | ZI9: 17 | ZJ9: 18 | ZK9: 1 | ZL9: 2 | ZM9: 3 | ZN9: 4 | ZO9: 5 | ZP9: 6 | ZQ9: 7 | ZR9: 8 | ZS9: 9 | ZT9: 10 | ZU9: 11 | ZV9: 12 | ZW9: 13 | ZX9: 14 | ZY9: 15 | ZZ9: 16 | AAA9: 17 | AAB9: 18 | AAC9: 1 | AAD9: 2 | AAE9: 3 | AAF9: 4 | AAG9: 5 | AAH9: 6 | AAI9: 7 | AAJ9: 8 | AAK9: 9 | AAL9: 10 | AAM9: 11 | AAN9: 12 | AAO9: 13 | AAP9: 14 | AAQ9: 15 | AAR9: 16 | AAS9: 17 | AAT9: 18 | AAU9: 1 | AAV9: 2 | AAW9: 3 | AAX9: 4 | AAY9: 5 | AAZ9: 6 | ABA9: 7 | ABB9: 8 | ABC9: 9 | ABD9: 10 | ABE9: 11 | ABF9: 12 | ABG9: 13 | ABH9: 14 | ABI9: 15 | ABJ9: 16 | ABK9: 17 | ABL9: 18 | ABM9: 1 | ABN9: 2 | ABO9: 3 | ABP9: 4 | ABQ9: 5 | ABR9: 6 | ABS9: 7 | ABT9: 8 | ABU9: 9 | ABV9: 10 | ABW9: 11 | ABX9: 12 | ABY9: 13 | ABZ9: 14 | ACA9: 15 | ACB9: 16 | ACC9: 17 | ACD9: 18 | ACE9: 1 | ACF9: 2 | ACG9: 3 | ACH9: 4 | ACI9: 5 | ACJ9: 6 | ACK9: 7 | ACL9: 8 | ACM9: 9 | ACN9: 10 | ACO9: 11 | ACP9: 12 | ACQ9: 13 | ACR9: 14 | ACS9: 15 | ACT9: 16 | ACU9: 17 | ACV9: 18 | ACW9: 1 | ACX9: 2 | ACY9: 3 | ACZ9: 4 | ADA9: 5 | ADB9: 6 | ADC9: 7 | ADD9: 8 | ADE9: 9 | ADF9: 10 | ADG9: 11 | ADH9: 12 | ADI9: 13 | ADJ9: 14 | ADK9: 15 | ADL9: 16 | ADM9: 17 | ADN9: 18 | ADO9: 1 | ADP9: 2 | ADQ9: 3 | ADR9: 4 | ADS9: 5 | ADT9: 6 | ADU9: 7 | ADV9: 8 | ADW9: 9 | ADX9: 10 | ADY9: 11 | ADZ9: 12 | AEA9: 13 | AEB9: 14 | AEC9: 15 | AED9: 16 | AEE9: 17 | AEF9: 18 | AEG9: 1 | AEH9: 2 | AEI9: 3 | AEJ9: 4 | AEK9: 5 | AEL9: 6 | AEM9: 7 | AEN9: 8 | AEO9: 9 | AEP9: 10 | AEQ9: 11 | AER9: 12 | AES9: 13 | AET9: 14 | AEU9: 15 | AEV9: 16 | AEW9: 17 | AEX9: 18 | AEY9: 1 | AEZ9: 2 | AFA9: 3 | AFB9: 4 | AFC9: 5 | AFD9: 6 | AFE9: 7 | AFF9: 8 | AFG9: 9 | AFH9: 10 | AFI9: 11 | AFJ9: 12 | AFK9: 13 | AFL9: 14 | AFM9: 15 | AFN9: 16 | AFO9: 17 | AFP9: 18 | AFQ9: 1 | AFR9: 2 | AFS9: 3 | AFT9: 4 | AFU9: 5 | AFV9: 6 | AFW9: 7 | AFX9: 8 | AFY9: 9 | AFZ9: 10 | AGA9: 11 | AGB9: 12 | AGC9: 13 | AGD9: 14 | AGE9: 15 | AGF9: 16 | AGG9: 17 | AGH9: 18
B10: 0.42361111 | C10: 10.3-256 ДВ Методы и принципы соврменной лингвистики (русский язык) (Пр. 2-11, 16-17 нед., 24 ч.), Усманова Л.А. // 10.3-622Б Практическая грамматика Пр., Спиридонов А.В. (12-13,15 нед., 6 ч.) | U10: 10.3-551 Историческая фонетика и грамматика русского языка (Пр. 2-8 нед., 14 ч.), Карасева А.И. // 10.3-551 Педагогическая (воспитательная) практика (Пр. 9-17 нед., 18 ч.), Галиуллин И.Т. | AM10: 10.3-342Б Практический курс русского языка (Пр. 2-11, 16-17 нед., 24 ч.), Каипова Р.Р. // 10.3-621 Практикум по аудированию (Пр. 13 нед., 2 ч.), Мифтахова А.Н. // 462, Полякова ИВ (14 нед.) // 631, Хабибуллина АЗ (15 нед.) | BE10: 10.3-341 Формирование универсальных учебных действий в обучении русскому языку (Пр. 2-6 нед., 10 ч.), Нуруллина Г.М. // 10.3-341 Организация внеурочной деятельности по русскому языку (Пр. 7-11 нед., 10 ч.), Абдуллина И.И. // 10.3-622А Коммуникативный практикум (Пр. 12-17 нед., 12 ч.), Языкова А.Ю., ауд. 219 | BW10: 10.3-621 История России (Пр. 2-12 нед., 22 ч.), Саматова Ч.Х. // 10.3-455 Теория и методика обучения русскому языку (Пр. 13-17 нед., 10 ч.), Нуруллина Г.М., ауд. 221 | CO10: 10.3-553А Практический курс английского языка (Пр. 2-17 нед., 32 ч.), Гарифуллин А.Ф. | DG10: 10.3-521, 10.3-522, 10.3-523 Татарский язык в профессиональной коммуникации (Пр. 2-13 нед., 24 ч.), Салахова Р.Р. // 10.3-352А Основы речевой англоязычной компетенции (Пр. 16-17 нед., 4 ч.), Гагарина В.Р. | DY10: 10.3-521, 10.3-522, 10.3-523 Татарский язык в профессиональной коммуникации (Пр. 2-13 нед., 24 ч.), Набиуллина Г.А. // 10.3-522А Иностранный язык Пр., Имамбердыева С. (14-17 нед., 8 ч.), ауд. 302 | EQ10: 10.3-653 Практический курс русского языка (Пр. 2-10 нед., 18 ч.), Фаронская С.А. // 10.3-641Б Практикум произносительных навыков (Пр. 11-17 нед., 14 ч.), Загребельная М.С. | FI10: 10.3-521, 10.3-522, 10.3-523 Татарский язык в профессиональной коммуникации (Пр. 2-13 нед., 24 ч.), Кириллова З.Н. // 10.3-462 Историческая фонетика и грамматика русского языка (Пр. 14-17 нед., 8 ч.), Карасева А.И. | GA10: 10.3-521, 10.3-522, 10.3-523 Татарский язык в профессиональной коммуникации (Пр. 2-13 нед., 24 ч.), Сибгаева Ф.Р. //10.3-601 ФТД.Коммуникативный практикум (пр. 14-17 нед., 8 ч.) Ахметзянова Л.М., ссылка: https://kpfu.mts-link.ru/j/102836271/1819308074 | GS10: 10.3-521, 10.3-522, 10.3-523 Татарский язык в профессиональной коммуникации (Пр. 2-13 нед., 24 ч.), Денмухаметова Э.Н. // 521Б, Алвасете (14 нед.) // 10.3-501 Научно-исследовательская работа (пр. 16-17 нед., 4 ч.) Гайнутдинова А.Ф. | HK10: 10.3-521, 10.3-522, 10.3-523 Татарский язык в профессиональной коммуникации (Пр. 2-13 нед., 24 ч.), Мугтасимова Г.Р. // 10.3-621 Практикум по аудированию (Пр. 14-17 нед., 8 ч.), Мифтахова А.Н. | IC10: 10.3-252 Организация внеклассной работы по английскому языку (Пр. 2-11, 16-17 нед., 24 ч.), Насибуллова Г.Р.//10.3-501 Научно-исследовательская работа (пр. 12-15 нед., 8 ч.) Гайнутдинова А.Ф. | IU10: 10.3-321 Практическая грамматика Пр., Закиров Р.Д. (2-11 нед., 20 ч.), ауд. 310 \\ 10.3-321 ДВ Язык средств массовой информации (английский язык) Пр., Алексеева Л.И. (12-17 нед., 12 ч.), ауд. 310 | JM10: 10.3-322 Филологический анализ текста Пр., Хайрутдинова А.М. (2 нед., 2 ч.), ауд. 314 \\ 10.3-322 Стилистика русского языка Пр., Сайфиева М.И. (3-17 нед., 30 ч.), ауд. 314 | KE10: 10.3-552 Фонетика английского языка (Пр. 2-17 нед., 32 ч.), Хакимуллина Д.Ф. | KW10: 10.3-553Б Практический курс английского языка (Пр. 2-17 нед., 32 ч.), Халиуллина С.А. | LO10: 10.3-681 Научно-исследовательская работа (литература) (пр. 2-10 нед., 18 ч.) Пашкуров А.Н. // 10.3-653 Практический курс русского языка (Пр. 11-17 нед., 14 ч.), Фаронская С.А. | MG10: 10.3-432 Русская литература конца XIX - начала ХХ века (Пр. 2-15 нед., 28 ч.), Бреева Т.Н. // 10.3-622Б Практическая грамматика Пр., Спиридонов А.В. (16 нед., 2 ч.) // 10.3-653Б Практический курс русского языка (Пр. 17 нед., 2 ч.), Гусманова Д.Ш. | MY10: 10.3-661 Общие основы педагогики (Пр. 2-10 нед., 18 ч.), Фахрутдинова Р.А. // 10.3-651 Общие основы педагогики (Пр. 11-17 нед., 14 ч.), Фахрутдинова Р.А. | NQ10: 10.3-652 Практический курс английского языка (Пр. 2-17 нед., 32 ч.), Вагнер К.Р. | OI10: 10.3-254 Трудные вопросы грамматики в школе и вузе (Пр. 2-11 нед., 20 ч.), Корнеева Т.А. // 531, Пашкуров АН (12 нед.) //10.3-681 Теория и методика обучения русскому языку в средней и высшей школе (пр. 13-15 нед. 6 ч.) Давлатова М.М. // 432, Хабибуллина АЗ (16 нед.) | PA10: 10.3-255 Организация внеклассной работы по английскому языку (Пр. 2-11, 16-17 нед., 24 ч.), Мифтахова Л.Б. // 10.3-332А, Мардиева ЛА (13 нед.) // 332, Мардиева ЛА (14 нед.) | PS10: 10.3-354 ФТД Практикум по культуре речевого общения на английском языке (Пр. 2-4, 14-17 нед., 14 ч.), Шейнина Д.П. // Научно-исследовательская работа (пр. 6-8 нед., 6 ч.) Гайнутдинова А.Ф.//10.3-354 Практика по профилю подготовки (в области русского языка) (Пр. 9-13 нед., 10 ч.), Карасева А.И. // допка, Гайнутдинова АФ (5 нед.) | QK10: 10.3-651Б Практический курс английского языка (Пр. 2-10 нед., 18 ч.), Самаркина Н.О. // 10.3-661 ФТД Устное народное творчество (Пр. 11-17 нед., 14 ч.), Сорокина Т.В. | SM10: 10.3-441, 10.3-445, 10.3-446, 10.3-451, 10.3-452, 10.3-455, 10.3-461, 10.3-462 Основы медицинских знаний (Л. 2-10 нед., 18 ч.), Шайхелисламова М.В., ауд. 249(2) ДОТ: https://telemost.360.yandex.ru/j/2449871184 | TE10: 10.3-601 ДВ. Лингвистический анализ (л. 5-9 нед., 10 ч.) Бурцева Т.А., ссылка: https://telemost.yandex.ru/j/14564373098961 //ФТД.Коммуникативный практикум (пр. 11-13 нед., 6 ч.) Ахметзянова Л.М., ссылка: https://kpfu.mts-link.ru/j/102836271/1819308074 | AAC10: 10.3-323 Цифровые технологии в лингвистике Лаб., Хакимов Б.Э. (2-16 нед., 30 ч.), ауд. Edutech 334\8 | ACW10: // 10.3-472, Скворцов АЭ (11 нед.) | AEG10: 10.3-622А Коммуникативный практикум (Пр. 2-9 нед., 16 ч.), Языкова А.Ю., ауд. 249(2)
C11: 1 | P11: 14 | T11: 18 | U11: 1 | AL11: 18 | AM11: 1 | AX11: 12 | BD11: 18 | BE11: 1 | BV11: 18 | BW11: 1 | CN11: 18 | CO11: 1 | DF11: 18 | DG11: 1 | DT11: 14 | DU11: 15 | DX11: 18 | DY11: 1 | EP11: 18 | EQ11: 1 | FH11: 18 | FI11: 1 | FZ11: 18 | GA11: 1 | GR11: 18 | GS11: 1 | HG11: 15 | HJ11: 18 | HK11: 1 | IB11: 18 | IC11: 1 | IT11: 18 | IU11: 1 | JL11: 18 | JM11: 1 | KD11: 18 | KV11: 18 | KW11: 1 | LN11: 18 | LO11: 1 | MF11: 18 | MG11: 1 | MX11: 18 | MY11: 1 | NP11: 18 | NQ11: 1 | OH11: 18 | OI11: 1 | OY11: 17 | OZ11: 18 | PA11: 1 | PL11: 12 | PO11: 15 | PR11: 18 | PS11: 1 | QJ11: 18 | QK11: 1 | RB11: 18 | RC11: 1 | RD11: 2 | RE11: 3 | RF11: 4 | RG11: 5 | RH11: 6 | RI11: 7 | RJ11: 8 | RK11: 9 | RL11: 10 | RM11: 11 | RN11: 12 | RO11: 13 | RP11: 14 | RQ11: 15 | RR11: 16 | RS11: 17 | RT11: 18 | RU11: 1 | RV11: 2 | RW11: 3 | RX11: 4 | RY11: 5 | RZ11: 6 | SA11: 7 | SB11: 8 | SC11: 9 | SD11: 10 | SE11: 11 | SF11: 12 | SG11: 13 | SH11: 14 | SI11: 15 | SJ11: 16 | SK11: 17 | SL11: 18 | SM11: 1 | SN11: 2 | SO11: 3 | SP11: 4 | SQ11: 5 | SR11: 6 | SS11: 7 | ST11: 8 | SU11: 9 | SV11: 10 | SW11: 11 | SX11: 12 | SY11: 13 | SZ11: 14 | TA11: 15 | TB11: 16 | TC11: 17 | TD11: 18 | TE11: 1 | TF11: 2 | TG11: 3 | TH11: 4 | TI11: 5 | TJ11: 6 | TK11: 7 | TL11: 8 | TM11: 9 | TN11: 10 | TO11: 11 | TP11: 12 | TQ11: 13 | TR11: 14 | TS11: 15 | TT11: 16 | TU11: 17 | TV11: 18 | TW11: 1 | TX11: 2 | TY11: 3 | TZ11: 4 | UA11: 5 | UB11: 6 | UC11: 7 | UD11: 8 | UE11: 9 | UF11: 10 | UG11: 11 | UH11: 12 | UI11: 13 | UJ11: 14 | UK11: 15 | UL11: 16 | UM11: 17 | UN11: 18 | UO11: 1 | UP11: 2 | UQ11: 3 | UR11: 4 | US11: 5 | UT11: 6 | UU11: 7 | UV11: 8 | UW11: 9 | UX11: 10 | UY11: 11 | UZ11: 12 | VA11: 13 | VB11: 14 | VC11: 15 | VD11: 16 | VE11: 17 | VF11: 18 | VG11: 1 | VH11: 2 | VI11: 3 | VJ11: 4 | VK11: 5 | VL11: 6 | VM11: 7 | VN11: 8 | VO11: 9 | VP11: 10 | VQ11: 11 | VR11: 12 | VS11: 13 | VT11: 14 | VU11: 15 | VV11: 16 | VW11: 17 | VX11: 18 | VY11: 1 | VZ11: 2 | WA11: 3 | WB11: 4 | WC11: 5 | WD11: 6 | WE11: 7 | WF11: 8 | WG11: 9 | WH11: 10 | WI11: 11 | WJ11: 12 | WK11: 13 | WL11: 14 | WM11: 15 | WN11: 16 | WO11: 17 | WP11: 18 | WQ11: 1 | WR11: 2 | WS11: 3 | WT11: 4 | WU11: 5 | WV11: 6 | WW11: 7 | WX11: 8 | WY11: 9 | WZ11: 10 | XA11: 11 | XB11: 12 | XC11: 13 | XD11: 14 | XE11: 15 | XF11: 16 | XG11: 17 | XH11: 18 | XI11: 1 | XJ11: 2 | XK11: 3 | XL11: 4 | XM11: 5 | XN11: 6 | XO11: 7 | XP11: 8 | XQ11: 9 | XR11: 10 | XS11: 11 | XT11: 12 | XU11: 13 | XV11: 14 | XW11: 15 | XX11: 16 | XY11: 17 | XZ11: 18 | YA11: 1 | YB11: 2 | YC11: 3 | YD11: 4 | YE11: 5 | YF11: 6 | YG11: 7 | YH11: 8 | YI11: 9 | YJ11: 10 | YK11: 11 | YL11: 12 | YM11: 13 | YN11: 14 | YO11: 15 | YP11: 16 | YQ11: 17 | YR11: 18 | YS11: 1 | YT11: 2 | YU11: 3 | YV11: 4 | YW11: 5 | YX11: 6 | YY11: 7 | YZ11: 8 | ZA11: 9 | ZB11: 10 | ZC11: 11 | ZD11: 12 | ZE11: 13 | ZF11: 14 | ZG11: 15 | ZH11: 16 | ZI11: 17 | ZJ11: 18 | ZK11: 1 | ZL11: 2 | ZM11: 3 | ZN11: 4 | ZO11: 5 | ZP11: 6 | ZQ11: 7 | ZR11: 8 | ZS11: 9 | ZT11: 10 | ZU11: 11 | ZV11: 12 | ZW11: 13 | ZX11: 14 | ZY11: 15 | ZZ11: 16 | AAA11: 17 | AAB11: 18 | AAC11: 1 | AAD11: 2 | AAE11: 3 | AAF11: 4 | AAG11: 5 | AAH11: 6 | AAI11: 7 | AAJ11: 8 | AAK11: 9 | AAL11: 10 | AAM11: 11 | AAN11: 12 | AAO11: 13 | AAP11: 14 | AAQ11: 15 | AAR11: 16 | AAS11: 17 | AAT11: 18 | AAU11: 1 | AAV11: 2 | AAW11: 3 | AAX11: 4 | AAY11: 5 | AAZ11: 6 | ABA11: 7 | ABB11: 8 | ABC11: 9 | ABD11: 10 | ABE11: 11 | ABF11: 12 | ABG11: 13 | ABH11: 14 | ABI11: 15 | ABJ11: 16 | ABK11: 17 | ABL11: 18 | ABM11: 1 | ABN11: 2 | ABO11: 3 | ABP11: 4 | ABQ11: 5 | ABR11: 6 | ABS11: 7 | ABT11: 8 | ABU11: 9 | ABV11: 10 | ABW11: 11 | ABX11: 12 | ABY11: 13 | ABZ11: 14 | ACA11: 15 | ACB11: 16 | ACC11: 17 | ACD11: 18 | ACE11: 1 | ACF11: 2 | ACG11: 3 | ACH11: 4 | ACI11: 5 | ACJ11: 6 | ACK11: 7 | ACL11: 8 | ACM11: 9 | ACN11: 10 | ACO11: 11 | ACP11: 12 | ACQ11: 13 | ACR11: 14 | ACS11: 15 | ACT11: 16 | ACU11: 17 | ACV11: 18 | ACW11: 1 | ACX11: 2 | ACY11: 3 | ACZ11: 4 | ADA11: 5 | ADB11: 6 | ADC11: 7 | ADD11: 8 | ADE11: 9 | ADF11: 10 | ADG11: 11 | ADH11: 12 | ADI11: 13 | ADJ11: 14 | ADK11: 15 | ADL11: 16 | ADM11: 17 | ADN11: 18 | ADO11: 1 | ADP11: 2 | ADQ11: 3 | ADR11: 4 | ADS11: 5 | ADT11: 6 | ADU11: 7 | ADV11: 8 | ADW11: 9 | ADX11: 10 | ADY11: 11 | ADZ11: 12 | AEA11: 13 | AEB11: 14 | AEC11: 15 | AED11: 16 | AEE11: 17 | AEF11: 18 | AEG11: 1 | AEH11: 2 | AEI11: 3 | AEJ11: 4 | AEK11: 5 | AEL11: 6 | AEM11: 7 | AEN11: 8 | AEO11: 9 | AEP11: 10 | AEQ11: 11 | AER11: 12 | AES11: 13 | AET11: 14 | AEU11: 15 | AEV11: 16 | AEW11: 17 | AEX11: 18 | AEY11: 1 | AEZ11: 2 | AFA11: 3 | AFB11: 4 | AFC11: 5 | AFD11: 6 | AFE11: 7 | AFF11: 8 | AFG11: 9 | AFH11: 10 | AFI11: 11 | AFJ11: 12 | AFK11: 13 | AFL11: 14 | AFM11: 15 | AFN11: 16 | AFO11: 17 | AFP11: 18 | AFQ11: 1 | AFR11: 2 | AFS11: 3 | AFT11: 4 | AFU11: 5 | AFV11: 6 | AFW11: 7 | AFX11: 8 | AFY11: 9 | AFZ11: 10 | AGA11: 11 | AGB11: 12 | AGC11: 13 | AGD11: 14 | AGE11: 15 | AGF11: 16 | AGG11: 17 | AGH11: 18
B12: 0.50694444 | C12: 10.3-361, 10.3-362 ДВ Комментированное чтение (Л. 2 нед., 6 ч.), Махинина Н.Г. // 10.3-255 Деловой английский язык (Пр. 3-6 нед., 8 ч.), Чумарина Г.Р. // 10.3-361 Практика по профилю подготовки (в области литературы) (Пр. 7-14 нед., 16 ч.), Котомцев Д.О. // 352 Литвиненко, 15 нед., перенос // 10.3-252 Организация внеклассной работы по английскому языку (Пр. 16-17 нед., 4 ч.), Насибуллова Г.Р. | U12: 10.3-552 Грамматика англиского языка (Пр. 2-8 нед., 14 ч.), Мифтахова Л.Б. // 10.3-552 Педагогическая (воспитательная) практика (Пр. 9-17 нед., 18 ч.), Галиуллин И.Т. | AM12: 10.3-551 Фонетика английского языка (Пр. 2-17 нед., 32 ч.), Гарифуллин А.Ф. | BE12: 10.3-641 Практика по профилю подготовки (в области русского языка) (Пр. 2-17 нед., 32 ч.), Каипова Р.Р. | BW12: 10.3-622 История России (Пр. 2-12 нед., 22 ч.), Саматова Ч.Х. // 10.3-653 История России (Пр. 13-17 нед., 10 ч.), Саматова Ч.Х. | CO12: 10.3-256 Трудные вопросы грамматики в школе и вузе (Пр. 2-11 нед., 20 ч.), Корнеева Т.А. \\ 10.3-321 ДВ Язык средств массовой информации (английский язык) Пр., Алексеева Л.И. (12 нед., 2 ч.), ауд. 252а \\ 10.3-352А Основы речевой англоязычной компетенции (Пр. 13-17 нед., 10 ч.), Гагарина В.Р. | DG12: 10.3-561, 10.3-562 Татарский язык в профессиональной коммуникации (Пр. 2-13 нед., 24 ч.), Салахова Р.Р. // 10.3-531 Иностранный язык (Пр. 14-17 нед., 8 ч.), Имамбердыева С. | DY12: 10.3-541 Татарский язык в профессиональной коммуникации (Пр. 2-13 нед., 24 ч.), Набиуллина Г.А. \\ 10.3-523А Иностранный язык Пр., Алексеева Л.И. (14-15 нед., 4 ч.), ауд. 302 \\ 10.3-523Б Иностранный язык Пр., Алексеева Л.И. (16-17 нед., 4 ч.), ауд. 302 | EQ12: 10.3-323 Зарубежная литература Пр., Зиннатуллина З.Р. (2-3 нед., 4 ч.), ауд. 303 \\ 10.3-354Б Практический курс русского языка (Пр. 4-17 нед., 28 ч.), Гусманова Д.Ш. | FI12: 10.3-531 Татарский язык в профессиональной коммуникации (Пр. 2-13 нед., 24 ч.), Кириллова З.Н. // 10.3-462 Историческая фонетика и грамматика русского языка (Пр. 14-17 нед., 8 ч.), Карасева А.И. | GA12: 10.3-561, 10.3-562 Татарский язык в профессиональной коммуникации (Пр. 2-13 нед., 24 ч.), Нурмухаметова Р.С. // 522Б, Алвасете ЕЕ (14 нед.) // 10.3-622Б Практическая грамматика Пр., Спиридонов А.В. (15-16 нед., 4 ч.) \\ 10.3-322 Филологический анализ текста Пр., Хайрутдинова А.М. (17 нед., 2 ч.), ауд. 305 | GS12: 10.3-421А Практическая грамматика Пр., Гайнутдинова А.Ф. (2-17 нед., 32 ч.), ауд. 306 | HK12: 10.3-423 Академическое письмо (русский язык) Пр., Гатаулина Р.Г. (2-16 нед., 30 ч.), ауд. 307 \\ 10.3-423 Методика преподавания русского языка как иностранного Пр., Мифтахова А.Н. (17 нед., 2 ч.), ауд. 307 | IC12: 10.3-422 Теоретическая грамматика русского языка Пр., Залялова Р.Р. (2-3 нед., 4 ч.), ауд. 308 \\ 10.3-425 Теоретическая грамматика русского языка Пр., Залялова Р.Р. (4-6 нед., 6 ч.), ауд. 308 \\ 10.3-424 Теоретическая грамматика русского языка Пр., Залялова Р.Р. (7-17 нед., 22 ч.), ауд. 308 | IU12: 10.3-651 Практический курс русского языка (Пр. 2-10 нед., 18 ч.), Фаронская С.А. // 10.3-472, Скворцов АЭ (11 нед.) // 10.3-622Б Практическая грамматика Пр., Спиридонов А.В. (12-13 нед., 4 ч.) // 10.3-622А Коммуникативный практикум (Пр. 14-17 нед., 8 ч.), Языкова А.Ю., ауд. 310 | JM12: 10.3-425 Методика преподавания русского языка как иностранного Пр., Мифтахова А.Н. (2-3 нед., 4 ч.), ауд. 314 \\ 10.3-323 Стилистика русского языка Пр., Сайфиева М.И. (4-17 нед., 28 ч.), ауд. 314 | KE12: 10.3-553 Фонетика английского языка (Пр. 2-17 нед., 32 ч.), Хакимуллина Д.Ф. | KW12: 10.3-354А Иностранный язык в профессиональной коммуникации (Пр. 2-17 нед., 32 ч.), Халиуллина С.А. | LO12: 10.3-321 Практикум по культуре речевого общения Пр., Языкова А.Ю. (2 нед., 2 ч.), ауд. 323 \\ 10.3-361, 10.3-362 ДВ Комментированное чтение (Л. 3-4 нед., 4 ч.), Махинина Н.Г. \\ 10.3-321 ДВ Язык средств массовой информации (английский язык) Пр., Алексеева Л.И. (5-8 нед., 8 ч.), ауд. 323 \\ 10.3-422Б Язык делового общения (английский язык) Пр., Алексеева Л.А. (9-10 нед., 4 ч.), ауд. 323 \\ 10.3-522А Коммуникативный практикум Пр., Некрасова И.Д. (11-17 нед., 14 ч.), ауд. 323 | MG12: 10.3-432 Синтаксис (Л. 2-14 нед., 26 ч.), Мардиева Л.А. // 10.3-432 Библиографическая практика (Пр. 15 нед., 2 ч.), Зиннатуллина З.Р., // 10.3-255 ДВ Методы и принципы соврменной лингвистики (русский язык) (Пр. 16-17 нед., 4 ч.), Усманова Л.А., | MY12: 10.3-653 Практический курс английского языка (Пр. 2-12 нед., 22 ч.), Насибуллова Г.Р. \\ 10.3-321 Практикум по культуре речевого общения Пр., Языкова А.Ю. (13 нед., 2 ч.), ауд. 349 \\ 10.3-562 Историческая фонетика и грамматика русского языка (Пр. 14-15 нед., 4 ч.), Ерофеева И.В. // 10.3-353 Методика обучения видам речевой деятельности (в области русского языка) (Пр. 16-17 нед., 4 ч.), Шамсутдинова А.И. | NQ12: 10.3-254 История русского литературного языка (Пр. 2-6 нед., 10 ч.), Сабирова А.И., // 10.3-255 ДВ Методы и принципы соврменной лингвистики (русский язык) (Пр. 7-11 нед., 10 ч.), Усманова Л.А. // 10.3-353 Практика по профилю подготовки (в области русского языка) (Пр. 12-13 нед., 4 ч.), Карасева А.И. // 10.3-561 Русская литература XVIII века (Пр. 14-15 нед., 4 ч.), Галимуллина А.Ф. // 10.3-562 Русская литература XVIII века (Пр. 16-17 нед., 4 ч.), Галимуллина А.Ф. | OI12: 10.3-332 Русская литература второй половины XX века (Л. 2-6, 11-16 нед., 22 ч.), Бреева Т.Н. // 10.3-254 История русского литературного языка (Пр. 7-9 нед., 6 ч.), Сабирова А.И. // 10.3-353 Практика по профилю подготовки (в области русского языка) (Пр. 10 нед., 2 ч.), Карасева А.И.\\ 10.3-425 Язык делового общения (английский язык) Пр., Курмаева И.И. (17 нед., 2 ч.), ауд. 411 | PA12: 10.3-351 Методика обучения видам речевой деятельности (в области русского языка) (Пр. 2-10 нед., 18 ч.), Шамсутдинова А.И. // 10.3-651 Практический курс русского языка (Пр. 11-17 нед., 14 ч.), Фаронская С.А | PS12: 10.3-252 Деловой английский язык (Пр. 2-11 нед., 20 ч.), Вагнер К.Р. // 10.3-353 Методика обучения видам речевой деятельности (в области русского языка) (Пр. 14 нед., 2 ч.), Шамсутдинова А.И. // 10.3-362 Практика по профилю подготовки (в области литературы) (Пр. 15-17 нед., 6 ч.), Котомцев Д.О.//10.3-681 Теория и методика обучения литературе в средней и высшей школе (пр. 12-13 нед. 4 ч.) Галимуллина А.Ф. | QK12: 10.3-521, 10.3-522, 10.3-523 Народная культура и фольклор Л., Хабибуллина А.З. (2-10 нед., 18 ч.), ауд. 342\343 \\ 10.3-351 ДВ Язык делового общения (Пр. 11-17 нед., 14 ч.), Шакирова Д.Ш. | RC12: 10.3-631, 10.3-661 12:00 Физическая культура и спорт (Пр. 2-18 нед., 34 ч.), Бутлерова, 4 | RU12: 10.3-341, 10.3-342, 10.3-343, 10.3-344 ФТД Принципы и методы современной лингвистики (русский язык) (Л. 2-6 нед., 10 ч.), Усманова Л.А., ауд. 355 // 10.3-341, 10.3-342, 10.3-343, 10.3-344, 10.3-345 Организация внеурочной деятельности по русскому языку (Л. 7-11 нед., 10 ч.), Абдуллина И.И., ауд. 355 | SM12: 10.3-441, 10.3-445, 10.3-446, 10.3-451, 10.3-452, 10.3-455, 10.3-461, 10.3-462 Основы правоведения и противодействия коррупции (Л. 2-10 нед., 18 ч.), Валеева Г.А., ауд. 249(2) ДОТ: https://telemost.yandex.ru/j/69979169731704 | TE12: 10.3-691 Русская лексика и фразеология в лингвокультурологическом аспекте (л. 2-7 нед., 12 ч., пр. 8-10 нед., 6 ч.) Чупрякова О.В., ссылка: https://telemost.360.yandex.ru/j/7458410331//Русская классика в межлитературных диалогах (пр. 11-16 нед., 12 ч.) Хабибуллина А.З.,ссылка: https://telemost.yandex.ru/j/13076236788093 | TW12: 10.3-251 Лингвострановедение (английский язык) (Пр. 2-10 нед., 18 ч.), Туганова С.В., ауд. 249(2) ДОТ: https://telemost.yandex.ru/j/77819180497511 | UO12: 10.3-601 Деловой иностранный язык (пр. 3-8 нед., 12 ч.) Хайрутдинова А.М., ссылка: https://telemost.yandex.ru/j/75724658928689 | AAC12: 10.3-322 Цифровые технологии в лингвистике Лаб., Хакимов Б.Э. (2-16 нед., 30 ч.), ауд. Edutech 334\8 | ACE12: 10.3-353 Методика обучения видам речевой деятельности (в области русского языка) (Пр. 11, 15 нед., 4 ч.), Шамсутдинова А.И., ауд. 334 // 10.3-652 Фонетика, орфоэпия русского языка (Пр. 9-17 нед., 18 ч.), Тимуршина Д.И., ауд. | ACW12: 10.3-621 Основы российской государственности Пр., Хазиев А.Х. (2-3 нед., 4 ч.), ауд. 249(2) \\ 10.3-442 История русской литературы (Пр. 12-17 нед., 12 ч.), Сорокина Т.В., ауд. 249(2) https://telemost.yandex.ru/j/62469142616925 | AEG12: 10.3-621 Практикум по аудированию (Пр. 4-7 нед., 8 ч.), Мифтахова А.Н. // 10.3-621Б Коммуникативный практикум Пр., Некрасова И.Д. (8 нед., 2 ч.), ауд. 249(2)
C13: 1 | T13: 18 | U13: 1 | AL13: 18 | AM13: 1 | BD13: 18 | BE13: 1 | BV13: 18 | BW13: 1 | CN13: 18 | CO13: 1 | DF13: 18 | DG13: 1 | DX13: 18 | DY13: 1 | EP13: 18 | EQ13: 1 | FH13: 18 | FI13: 1 | FZ13: 18 | GA13: 1 | GR13: 18 | GS13: 1 | HJ13: 18 | HK13: 1 | IB13: 18 | IC13: 1 | IT13: 18 | IU13: 1 | JL13: 18 | JM13: 1 | KD13: 18 | KV13: 18 | KW13: 1 | LN13: 18 | LO13: 1 | MF13: 18 | MG13: 1 | MX13: 18 | MY13: 1 | NP13: 18 | NQ13: 1 | OH13: 18 | OI13: 1 | OZ13: 18 | PA13: 1 | PR13: 18 | PS13: 1 | QJ13: 18 | QK13: 1 | RB13: 18 | RC13: 1 | RD13: 2 | RE13: 3 | RF13: 4 | RG13: 5 | RH13: 6 | RI13: 7 | RJ13: 8 | RK13: 9 | RL13: 10 | RM13: 11 | RN13: 12 | RO13: 13 | RP13: 14 | RQ13: 15 | RR13: 16 | RS13: 17 | RT13: 18 | RU13: 1 | RV13: 2 | RW13: 3 | RX13: 4 | RY13: 5 | RZ13: 6 | SA13: 7 | SB13: 8 | SC13: 9 | SD13: 10 | SE13: 11 | SF13: 12 | SG13: 13 | SH13: 14 | SI13: 15 | SJ13: 16 | SK13: 17 | SL13: 18 | SM13: 1 | SN13: 2 | SO13: 3 | SP13: 4 | SQ13: 5 | SR13: 6 | SS13: 7 | ST13: 8 | SU13: 9 | SV13: 10 | SW13: 11 | SX13: 12 | SY13: 13 | SZ13: 14 | TA13: 15 | TB13: 16 | TC13: 17 | TD13: 18 | TE13: 1 | TF13: 2 | TG13: 3 | TH13: 4 | TI13: 5 | TJ13: 6 | TK13: 7 | TL13: 8 | TM13: 9 | TN13: 10 | TO13: 11 | TP13: 12 | TQ13: 13 | TR13: 14 | TS13: 15 | TT13: 16 | TU13: 17 | TV13: 18 | TW13: 1 | TX13: 2 | TY13: 3 | TZ13: 4 | UA13: 5 | UB13: 6 | UC13: 7 | UD13: 8 | UE13: 9 | UF13: 10 | UG13: 11 | UH13: 12 | UI13: 13 | UJ13: 14 | UK13: 15 | UL13: 16 | UM13: 17 | UN13: 18 | UO13: 1 | UP13: 2 | UQ13: 3 | UR13: 4 | US13: 5 | UT13: 6 | UU13: 7 | UV13: 8 | UW13: 9 | UX13: 10 | UY13: 11 | UZ13: 12 | VA13: 13 | VB13: 14 | VC13: 15 | VD13: 16 | VE13: 17 | VF13: 18 | VG13: 1 | VH13: 2 | VI13: 3 | VJ13: 4 | VK13: 5 | VL13: 6 | VM13: 7 | VN13: 8 | VO13: 9 | VP13: 10 | VQ13: 11 | VR13: 12 | VS13: 13 | VT13: 14 | VU13: 15 | VV13: 16 | VW13: 17 | VX13: 18 | VY13: 1 | VZ13: 2 | WA13: 3 | WB13: 4 | WC13: 5 | WD13: 6 | WE13: 7 | WF13: 8 | WG13: 9 | WH13: 10 | WI13: 11 | WJ13: 12 | WK13: 13 | WL13: 14 | WM13: 15 | WN13: 16 | WO13: 17 | WP13: 18 | WQ13: 1 | WR13: 2 | WS13: 3 | WT13: 4 | WU13: 5 | WV13: 6 | WW13: 7 | WX13: 8 | WY13: 9 | WZ13: 10 | XA13: 11 | XB13: 12 | XC13: 13 | XD13: 14 | XE13: 15 | XF13: 16 | XG13: 17 | XH13: 18 | XI13: 1 | XJ13: 2 | XK13: 3 | XL13: 4 | XM13: 5 | XN13: 6 | XO13: 7 | XP13: 8 | XQ13: 9 | XR13: 10 | XS13: 11 | XT13: 12 | XU13: 13 | XV13: 14 | XW13: 15 | XX13: 16 | XY13: 17 | XZ13: 18 | YA13: 1 | YB13: 2 | YC13: 3 | YD13: 4 | YE13: 5 | YF13: 6 | YG13: 7 | YH13: 8 | YI13: 9 | YJ13: 10 | YK13: 11 | YL13: 12 | YM13: 13 | YN13: 14 | YO13: 15 | YP13: 16 | YQ13: 17 | YR13: 18 | YS13: 1 | YT13: 2 | YU13: 3 | YV13: 4 | YW13: 5 | YX13: 6 | YY13: 7 | YZ13: 8 | ZA13: 9 | ZB13: 10 | ZC13: 11 | ZD13: 12 | ZE13: 13 | ZF13: 14 | ZG13: 15 | ZH13: 16 | ZI13: 17 | ZJ13: 18 | ZK13: 1 | ZL13: 2 | ZM13: 3 | ZN13: 4 | ZO13: 5 | ZP13: 6 | ZQ13: 7 | ZR13: 8 | ZS13: 9 | ZT13: 10 | ZU13: 11 | ZV13: 12 | ZW13: 13 | ZX13: 14 | ZY13: 15 | ZZ13: 16 | AAA13: 17 | AAB13: 18 | AAC13: 1 | AAD13: 2 | AAE13: 3 | AAF13: 4 | AAG13: 5 | AAH13: 6 | AAI13: 7 | AAJ13: 8 | AAK13: 9 | AAL13: 10 | AAM13: 11 | AAN13: 12 | AAO13: 13 | AAP13: 14 | AAQ13: 15 | AAR13: 16 | AAS13: 17 | AAT13: 18 | AAU13: 1 | AAV13: 2 | AAW13: 3 | AAX13: 4 | AAY13: 5 | AAZ13: 6 | ABA13: 7 | ABB13: 8 | ABC13: 9 | ABD13: 10 | ABE13: 11 | ABF13: 12 | ABG13: 13 | ABH13: 14 | ABI13: 15 | ABJ13: 16 | ABK13: 17 | ABL13: 18 | ABM13: 1 | ABN13: 2 | ABO13: 3 | ABP13: 4 | ABQ13: 5 | ABR13: 6 | ABS13: 7 | ABT13: 8 | ABU13: 9 | ABV13: 10 | ABW13: 11 | ABX13: 12 | ABY13: 13 | ABZ13: 14 | ACA13: 15 | ACB13: 16 | ACC13: 17 | ACD13: 18 | ACE13: 1 | ACF13: 2 | ACG13: 3 | ACH13: 4 | ACI13: 5 | ACJ13: 6 | ACK13: 7 | ACL13: 8 | ACM13: 9 | ACN13: 10 | ACO13: 11 | ACP13: 12 | ACQ13: 13 | ACR13: 14 | ACS13: 15 | ACT13: 16 | ACU13: 17 | ACV13: 18 | ACW13: 1 | ACX13: 2 | ACY13: 3 | ACZ13: 4 | ADA13: 5 | ADB13: 6 | ADC13: 7 | ADD13: 8 | ADE13: 9 | ADF13: 10 | ADG13: 11 | ADH13: 12 | ADI13: 13 | ADJ13: 14 | ADK13: 15 | ADL13: 16 | ADM13: 17 | ADN13: 18 | ADO13: 1 | ADP13: 2 | ADQ13: 3 | ADR13: 4 | ADS13: 5 | ADT13: 6 | ADU13: 7 | ADV13: 8 | ADW13: 9 | ADX13: 10 | ADY13: 11 | ADZ13: 12 | AEA13: 13 | AEB13: 14 | AEC13: 15 | AED13: 16 | AEE13: 17 | AEF13: 18 | AEG13: 1 | AEH13: 2 | AEI13: 3 | AEJ13: 4 | AEK13: 5 | AEL13: 6 | AEM13: 7 | AEN13: 8 | AEO13: 9 | AEP13: 10 | AEQ13: 11 | AER13: 12 | AES13: 13 | AET13: 14 | AEU13: 15 | AEV13: 16 | AEW13: 17 | AEX13: 18 | AEY13: 1 | AEZ13: 2 | AFA13: 3 | AFB13: 4 | AFC13: 5 | AFD13: 6 | AFE13: 7 | AFF13: 8 | AFG13: 9 | AFH13: 10 | AFI13: 11 | AFJ13: 12 | AFK13: 13 | AFL13: 14 | AFM13: 15 | AFN13: 16 | AFO13: 17 | AFP13: 18 | AFQ13: 1 | AFR13: 2 | AFS13: 3 | AFT13: 4 | AFU13: 5 | AFV13: 6 | AFW13: 7 | AFX13: 8 | AFY13: 9 | AFZ13: 10 | AGA13: 11 | AGB13: 12 | AGC13: 13 | AGD13: 14 | AGE13: 15 | AGF13: 16 | AGG13: 17 | AGH13: 18
B14: 0.57638889 | C14: 10.3-432А Русская диалектология (Пр. 2-15 нед., 28 ч.), Галиулина И.Р. // 10.3-256 Организация внеклассной работы по английскому языку (Пр. 16-17 нед., 4 ч.), Хакимуллина Д.Ф. | U14: 10.3-553 Грамматика англиского языка (Пр. 2-8 нед., 14 ч.), Мифтахова Л.Б. // 10.3-553 Педагогическая (воспитательная) практика (Пр. 9-17 нед., 18 ч.), Галиуллин И.Т. | AM14: 10.3-551 ДВ Мировая художественная культура (Л. 2-5 нед., 8 ч., Пр. 6-15 нед., 20 ч.), Мелихов А.Г. // 10.3-551 Фонетика английского языка (Пр. 16-17 нед., 4 ч.), Гарифуллин А.Ф. | BE14: 10.3-354 Финансово-экономический практикум (Пр. 2-10 нед., 18 ч.), Игнатьева О.А. // 10.3-343 Организация внеурочной деятельности по русскому языку (Пр. 11 нед., 2 ч.), Абдуллина И.И. // 10.3-361, 10.3-362 ДВ Анализ поэтического текста в школе (Пр. 12-14 нед., 6 ч.), Котомцев Д.О. // 10.3-253 История русского литературного языка (Пр. 16 нед., 2 ч.), Сабирова А.И. \\ 10.3-321 Стилистика русского языка Пр., Сайфиева М.И. (17 нед., 2 ч.), ауд. 219\220 | BW14: 10.3-552 ДВ Русская художественная культура (Пр. 2-11 нед., 20 ч.), Насрутдинова Л.Х. // 10.3-552 Фонетика английского языка (Пр. 12-13 нед., 4 ч.), Хакимуллина Д.Ф. // 10.3-552 Русский язык и культура речи (Пр. 14-17 нед., 8 ч.), Тимуршина Д.И. | CO14: 10.3-523Б Практическая грамматика Пр., Закиров Р.Д. (2-6 нед., 10 ч.), ауд. 252а \\ 10.3-523Б Коммуникативный практикум Пр., Таланова К.О. (7-17 нед., 22 ч.), ауд. 252а | DG14: 10.3-531 Русская детская литература (Л. 2-6 нед., 10 ч., Пр. 7-17 нед., 22 ч.), Махинина Н.Г. | DY14: 10.3-521А Иностранный язык Пр., Имамбердыева С. (2-17 нед., 32 ч.), ауд. 302 | EQ14: 10.3-523А Иностранный язык Пр., Алексеева Л.И. (2-17 нед., 32 ч.), ауд. 303 | FI14: 10.3-432Б Синтаксис (Пр. 2-15 нед., 28 ч.), Мардиева Л.А. \\ 10.3-522Б Практическая грамматика Пр., Ильичева В.С. (16-17 нед., 4 ч.), ауд. 304 | GA14: 10.3-521Б Практикум по письму Пр., Салахиева Л.И. (2-17 нед., 32 ч.), ауд. 305 | GS14: 10.3-353Б Практический курс русского языка (Пр. 2-6 нед., 10 ч.), Гусманова Д.Ш. \\ 10.3-324 Стилистика русского языка Пр., Сайфиева М.И. (7-16 нед., 20 ч.), ауд. 306 \\ 10.3-431 Зарубежная литература XVII - XIX веков (Пр. 17 нед., 2 ч.), Вафина А.Х. | HK14: 10.3-351 История русского литературного языка (Пр. 2-6 нед., 10 ч.), Карасева А.И.\\ 10.3-321 Зарубежная литература Пр., Зиннатуллина З.Р. (7-16 нед., 20 ч.), ауд. 307 \\ 10.3- 322 Зарубежная литература Пр., Зиннатуллина З.Р. (17 нед., 2 ч.), ауд. 307 | IC14: 10.3-253 Деловой английский язык (Пр. 3-4 нед., 4 ч.), Чумарина Г.Р. // 10.3-255 Деловой английский язык (Пр. 5-9 нед., 10 ч.), Чумарина Г.Р. // 10.3-255 Знаковые имена русской литературы (Пр. 10-11, 16-17 нед., 8 ч.), Котомцев Д.О. | IU14: 10.3-321, 10.3-322, 10.3-323, 10.3-324 Современные направления в лингвистике Л., Хайрутдинова А.М. (2-6 нед., 10 ч.), ауд. 310 \\ 10.3-323 Филологический анализ текста Пр., Хайрутдинова А.М. (7-13 нед., 14 ч.), ауд. 310 \\ 341Б, Каипова РР (16-17 нед.) | JM14: 10.3-352 ДВ Язык делового общения (Пр. 2-11 нед., 20 ч.), Хакимуллина Д.Ф. // 10.3-354 Теория и методика обучения английскому языку (Пр. 12-17 нед., 12 ч.), Литвиненко Е.В. | KE14: 10.3-361 История русского литературного языка (Пр. 2-10 нед., 18 ч.), Лукоянова Ю.К. // 10.3-256 Цифровые образовательные инструменты при обучении английскому языку (Пр. 11 нед., 2 ч.), Гарифуллин А.Ф. // 10.3-361, 10.3-362 ДВ Анализ драматического текста в школе (Пр. 14-17 нед., 8 ч.), Сорокина Т.В. | KW14: 10.3-353А Иностранный язык в профессиональной коммуникации (Пр. 2-17 нед., 32 ч.), Халиуллина С.А. | LO14: 10.3-252А Практический курс английского языка (Пр. 2-10 нед., 18 ч.), Вагнер К.Р. \\ 10.3-522А Коммуникативный практикум Пр., Некрасова И.Д. (11-17 нед., 14 ч.), ауд. 323 | MG14: 10.3-522 Народная культура и фольклор Пр., Хабибуллина А.З. (2-10 нед., 18 ч.), ауд. 348 \\ 10.3-461, 10.3-462 Методика написания курсовой работы (литература) (Пр. 11-16 нед., 12 ч.), Афанасьев А.С. // 10.3-252 История русского литературного языка (Пр.17 нед., 2 ч.), Сабирова А.И. | MY14: 10.3-562 Историческая фонетика и грамматика русского языка (Пр. 2-17 нед., 32 ч.), Ерофеева И.В. | NQ14: 10.3-561 Русская литература XVIII века (Пр. 2-17 нед., 32 ч.), Галимуллина А.Ф. | OI14: 10.3-332 Русская литература второй половины XX века (Пр. 2-6, 11-16 нед., 22 ч.), Бреева Т.Н. // 10.3-256 Цифровые образовательные инструменты при обучении английскому языку (Пр. 10 нед., 2 ч.), Гарифуллин А.Ф. // 10.3-431 Зарубежная литература XVII - XIX веков (Пр. 7-9 нед., 6 ч.), Вафина А.Х // 10.3-352 Практика по профилю подготовки (в области русского языка) (Пр. 17 нед., 2 ч.), Карасева А.И. | PA14: 10.3-254, 10.3-255, 10.3-256 ДВ Методы и принципы соврменной лингвистики (русский язык) (Л. 2-4 нед., 6 ч.), Усманова Л.А. // 10.3-254 ДВ Методы и принципы соврменной лингвистики (русский язык) (Пр. 5-11, 16-17 нед., 18 ч.), Усманова Л.А. // 10.3-352 Практика по профилю подготовки (в области русского языка) (Пр. 12-15 нед., 8 ч.), Карасева А.И. | PS14: ВШНКО - замена 346/347 | QK14: 10.3-421, 10.3-422, 10.3-423, 10.3-424, 10.3-425 Методика преподавания русского языка как иностранного Л., Мифтахова А.Н. (2-3 нед., 4 ч.), ауд. 342\343 \\ 10.3-421, 10.3-422, 10.3-423, 10.3-424, 10.3-425 Русская литература ХХ века Л., Сорокина Т.В. (4-13 нед., 20 ч.), ауд. 342\343 \\ 10.3-421, 10.3-422, 10.3-423, 10.3-424, 10.3-425 ФТД Карьерная навигация Л., Хайрутдинова А.М. (14-17 нед., 8 ч.), ауд. 342\343 | RC14: 10.3-541 14:00 Элективные курсы по физической культуре и спорту (Пр. 2-18 нед., 34 ч.), Бутлерова, 4 | RU14: 10.3-621, 10.3-622, 10.3-631, 10.3-641, 10.3-651, 10.3-652, 10.3-653, 10.3-661 История России (Л. 2-18 нед., 34 ч.), Саматова Ч.Х., ауд. 355 | SM14: 10.3-461, 10.3-462 Практика по профилю подготовки (в области литературы) (Пр. 2-6 нед., 10 ч.), Мифтахова З.Э. ДОТ: https://telemost.yandex.ru/j/96197923842202 | TE14: 10.3-691 ДВ.Русская диалектология (л. 2-7 нед., 12 ч.) Чупрякова О.В., ссылка: https://telemost.360.yandex.ru/j/7458410331//Русская лексика и фразеология в лингвокультурологическом аспекте ( пр. 8-16 нед., 18 ч.) Чупрякова О.В., ссылка: https://telemost.360.yandex.ru/j/7458410331 | TW14: 10.3-251 Лингвострановедение (английский язык) (Пр. 2-10 нед., 18 ч.), Туганова С.В., ауд. 249(2) ДОТ: https://telemost.yandex.ru/j/77819180497511 | XI14: 10.3-341, 10.3-342, 10.3-343, 10.3-344, 10.3-345 Контрастивная лингвистика (Л. 2-10 нед., 18 ч.), Давлатова М.М., ауд. 346/347 // 10.3-351 Практический курс русского языка (Пр. 11-17 нед., 14 ч.), Гусманова Д.Ш. | ACE14: 10.3-351 ФТД Формирование языковой личности школьника на уроках русского языка (Пр. 7-10 нед., 8 ч.), Ижбаева Г.Р., ауд.
C15: 1 | T15: 18 | U15: 1 | AL15: 18 | AM15: 1 | BD15: 18 | BE15: 1 | BS15: 15 | BV15: 18 | BW15: 1 | CN15: 18 | CO15: 1 | DF15: 18 | DG15: 1 | DX15: 18 | DY15: 1 | EP15: 18 | EQ15: 1 | FH15: 18 | FI15: 1 | FZ15: 18 | GA15: 1 | GR15: 18 | GS15: 1 | HJ15: 18 | HK15: 1 | IB15: 18 | IC15: 1 | ID15: 2 | IN15: 12 | IO15: 13 | IP15: 14 | IQ15: 15 | IT15: 18 | JH15: 14 | JI15: 15 | JL15: 18 | JM15: 1 | KD15: 18 | KE15: 1 | KP15: 12 | KQ15: 13 | KV15: 18 | KW15: 1 | LN15: 18 | LO15: 1 | MF15: 18 | MG15: 1 | MX15: 18 | MY15: 1 | NP15: 18 | NQ15: 1 | OH15: 18 | OI15: 1 | OZ15: 18 | PA15: 1 | PR15: 18 | PS15: 1 | QJ15: 18 | QK15: 1 | RB15: 18 | RC15: 1 | RD15: 2 | RE15: 3 | RF15: 4 | RG15: 5 | RH15: 6 | RI15: 7 | RJ15: 8 | RK15: 9 | RL15: 10 | RM15: 11 | RN15: 12 | RO15: 13 | RP15: 14 | RQ15: 15 | RR15: 16 | RS15: 17 | RT15: 18 | RU15: 1 | RV15: 2 | RW15: 3 | RX15: 4 | RY15: 5 | RZ15: 6 | SA15: 7 | SB15: 8 | SC15: 9 | SD15: 10 | SE15: 11 | SF15: 12 | SG15: 13 | SH15: 14 | SI15: 15 | SJ15: 16 | SK15: 17 | SL15: 18 | SM15: 1 | SN15: 2 | SO15: 3 | SP15: 4 | SQ15: 5 | SR15: 6 | SS15: 7 | ST15: 8 | SU15: 9 | SV15: 10 | SW15: 11 | SX15: 12 | SY15: 13 | SZ15: 14 | TA15: 15 | TB15: 16 | TC15: 17 | TD15: 18 | TE15: 1 | TF15: 2 | TG15: 3 | TH15: 4 | TI15: 5 | TJ15: 6 | TK15: 7 | TL15: 8 | TM15: 9 | TN15: 10 | TO15: 11 | TP15: 12 | TQ15: 13 | TR15: 14 | TS15: 15 | TT15: 16 | TU15: 17 | TV15: 18 | TW15: 1 | TX15: 2 | TY15: 3 | TZ15: 4 | UA15: 5 | UB15: 6 | UC15: 7 | UD15: 8 | UE15: 9 | UF15: 10 | UG15: 11 | UH15: 12 | UI15: 13 | UJ15: 14 | UK15: 15 | UL15: 16 | UM15: 17 | UN15: 18 | UO15: 1 | UP15: 2 | UQ15: 3 | UR15: 4 | US15: 5 | UT15: 6 | UU15: 7 | UV15: 8 | UW15: 9 | UX15: 10 | UY15: 11 | UZ15: 12 | VA15: 13 | VB15: 14 | VC15: 15 | VD15: 16 | VE15: 17 | VF15: 18 | VG15: 1 | VH15: 2 | VI15: 3 | VJ15: 4 | VK15: 5 | VL15: 6 | VM15: 7 | VN15: 8 | VO15: 9 | VP15: 10 | VQ15: 11 | VR15: 12 | VS15: 13 | VT15: 14 | VU15: 15 | VV15: 16 | VW15: 17 | VX15: 18 | VY15: 1 | VZ15: 2 | WA15: 3 | WB15: 4 | WC15: 5 | WD15: 6 | WE15: 7 | WF15: 8 | WG15: 9 | WH15: 10 | WI15: 11 | WJ15: 12 | WK15: 13 | WL15: 14 | WM15: 15 | WN15: 16 | WO15: 17 | WP15: 18 | WQ15: 1 | WR15: 2 | WS15: 3 | WT15: 4 | WU15: 5 | WV15: 6 | WW15: 7 | WX15: 8 | WY15: 9 | WZ15: 10 | XA15: 11 | XB15: 12 | XC15: 13 | XD15: 14 | XE15: 15 | XF15: 16 | XG15: 17 | XH15: 18 | XI15: 1 | XZ15: 18 | YA15: 1 | YB15: 2 | YC15: 3 | YD15: 4 | YE15: 5 | YF15: 6 | YG15: 7 | YH15: 8 | YI15: 9 | YJ15: 10 | YK15: 11 | YL15: 12 | YM15: 13 | YN15: 14 | YO15: 15 | YP15: 16 | YQ15: 17 | YR15: 18 | YS15: 1 | YT15: 2 | YU15: 3 | YV15: 4 | YW15: 5 | YX15: 6 | YY15: 7 | YZ15: 8 | ZA15: 9 | ZB15: 10 | ZC15: 11 | ZD15: 12 | ZE15: 13 | ZF15: 14 | ZG15: 15 | ZH15: 16 | ZI15: 17 | ZJ15: 18 | ZK15: 1 | ZL15: 2 | ZM15: 3 | ZN15: 4 | ZO15: 5 | ZP15: 6 | ZQ15: 7 | ZR15: 8 | ZS15: 9 | ZT15: 10 | ZU15: 11 | ZV15: 12 | ZW15: 13 | ZX15: 14 | ZY15: 15 | ZZ15: 16 | AAA15: 17 | AAB15: 18 | AAC15: 1 | AAD15: 2 | AAE15: 3 | AAF15: 4 | AAG15: 5 | AAH15: 6 | AAI15: 7 | AAJ15: 8 | AAK15: 9 | AAL15: 10 | AAM15: 11 | AAN15: 12 | AAO15: 13 | AAP15: 14 | AAQ15: 15 | AAR15: 16 | AAS15: 17 | AAT15: 18 | AAU15: 1 | AAV15: 2 | AAW15: 3 | AAX15: 4 | AAY15: 5 | AAZ15: 6 | ABA15: 7 | ABB15: 8 | ABC15: 9 | ABD15: 10 | ABE15: 11 | ABF15: 12 | ABG15: 13 | ABH15: 14 | ABI15: 15 | ABJ15: 16 | ABK15: 17 | ABL15: 18 | ABM15: 1 | ABN15: 2 | ABO15: 3 | ABP15: 4 | ABQ15: 5 | ABR15: 6 | ABS15: 7 | ABT15: 8 | ABU15: 9 | ABV15: 10 | ABW15: 11 | ABX15: 12 | ABY15: 13 | ABZ15: 14 | ACA15: 15 | ACB15: 16 | ACC15: 17 | ACD15: 18 | ACE15: 1 | ACF15: 2 | ACG15: 3 | ACH15: 4 | ACI15: 5 | ACJ15: 6 | ACK15: 7 | ACL15: 8 | ACM15: 9 | ACN15: 10 | ACO15: 11 | ACP15: 12 | ACQ15: 13 | ACR15: 14 | ACS15: 15 | ACT15: 16 | ACU15: 17 | ACV15: 18 | ACW15: 1 | ACX15: 2 | ACY15: 3 | ACZ15: 4 | ADA15: 5 | ADB15: 6 | ADC15: 7 | ADD15: 8 | ADE15: 9 | ADF15: 10 | ADG15: 11 | ADH15: 12 | ADI15: 13 | ADJ15: 14 | ADK15: 15 | ADL15: 16 | ADM15: 17 | ADN15: 18 | ADO15: 1 | ADP15: 2 | ADQ15: 3 | ADR15: 4 | ADS15: 5 | ADT15: 6 | ADU15: 7 | ADV15: 8 | ADW15: 9 | ADX15: 10 | ADY15: 11 | ADZ15: 12 | AEA15: 13 | AEB15: 14 | AEC15: 15 | AED15: 16 | AEE15: 17 | AEF15: 18 | AEG15: 1 | AEH15: 2 | AEI15: 3 | AEJ15: 4 | AEK15: 5 | AEL15: 6 | AEM15: 7 | AEN15: 8 | AEO15: 9 | AEP15: 10 | AEQ15: 11 | AER15: 12 | AES15: 13 | AET15: 14 | AEU15: 15 | AEV15: 16 | AEW15: 17 | AEX15: 18 | AEY15: 1 | AEZ15: 2 | AFA15: 3 | AFB15: 4 | AFC15: 5 | AFD15: 6 | AFE15: 7 | AFF15: 8 | AFG15: 9 | AFH15: 10 | AFI15: 11 | AFJ15: 12 | AFK15: 13 | AFL15: 14 | AFM15: 15 | AFN15: 16 | AFO15: 17 | AFP15: 18 | AFQ15: 1 | AFR15: 2 | AFS15: 3 | AFT15: 4 | AFU15: 5 | AFV15: 6 | AFW15: 7 | AFX15: 8 | AFY15: 9 | AFZ15: 10 | AGA15: 11 | AGB15: 12 | AGC15: 13 | AGD15: 14 | AGE15: 15 | AGF15: 16 | AGG15: 17 | AGH15: 18
B16: 0.65972222 | C16: 10.3-432Б Русская диалектология (Пр. 2-15 нед., 28 ч.), Галиулина И.Р. \\ 10.3-423Б Коммуникативный практикум Пр., Малинина А.М. (16-17 нед., 4 ч.), ауд. 216 | U16: 10.3-341 Финансово-экономический практикум (Пр. 2-10 нед., 18 ч.), Игнатьева О.А. // 10.3-461, 10.3-462 Методика написания курсовой работы (литература) (Пр. 11-17 нед., 14 ч.), Афанасьев А.С. | AM16: 10.3-254 ФТД Практикум по культуре речевого общения на английском языке (Пр. 2-11, 16-17 нед., 24 ч.), Халиуллина С.А. // 10.3-361, 10.3-362 ДВ Анализ драматического текста в школе (Пр. 12-15 нед., 8 ч.), Сорокина Т.В. | BE16: 10.3-421 ДВ Экранизация русской классики Пр., Коршунова А.А. (2 нед., 2 ч.), ауд. 219\220 \\ 10.3-661 Возрастная анатомия и физиология (Пр. 3-11 нед., 18 ч.), Билалова Г.А. // 10.3-661 Практика по профилю подготовки (в области литературы (Пр. 12-17 нед., 12 ч.), Мифтахова З.Э. | BW16: 10.3-361 Русская литература ХХ века (Пр. 2 нед., 2 ч.), Мифтахова З.Э. // 10.3-631 История России (Пр. 3-13 нед., 22 ч.), Саматова Ч.Х. // 10.3-631 Античная литература, литература средних веков и Возрождения (Пр. 14 нед., 2 ч.), Вафина А.Х. // 10.3-531 Русская детская литература (Пр. 15-16 нед., 4 ч.), Махинина Н.Г. \\ 10.3-523А Практикум по письму Пр., Латыпова К.Ш. (17 нед., 2 ч.), ауд. 221 | CO16: 10.3-344Б Практический курс русского языка (Пр. 2-11, 16-17 нед., 24 ч.), Каипова Р.Р. / 10.3-354Б Практический курс русского языка (Пр. 12-15 нед., 8 ч.), Гусманова Д.Ш. | DG16: 10.3-617 Иностранный язык (Пр. 2-17 нед., 32 ч.), Юзекаева Ю.Р. | DY16: 10.3-521А Иностранный язык Пр., Имамбердыева С. (2-17 нед., 32 ч.), ауд. 302 | EQ16: 10.3-523А Коммуникативный практикум Пр., Салахиева Л.И. (2 нед., 2 ч.), ауд. 303 \\ 10.3-421А Коммуникативный практикум Пр., Салахиева Л.И. (3-4 нед., 4 ч.), ауд. 303 \\ 10.3-521Б Практикум по письму Пр., Салахиева Л.И. (5-6 нед., 4 ч.), ауд. 303 \\ 10.3-523Б Коммуникативный практикум Пр., Таланова К.О. (7-17 нед., 22 ч.), ауд. 303 | FI16: 10.3-432А Синтаксис (Пр. 2-15 нед., 28 ч.), Мардиева Л.А. \\ 10.3-522А Практикум по письму Пр., Ильичева В.С. (16-17 нед., 4 ч.), ауд. 304 | GA16: 10.3-431 Стилистика (Пр. 2-17 нед., 32 ч.), Хайрутдинова А.М. | GS16: 10.3-322 Зарубежная литература Пр., Зиннатуллина З.Р. (2-15 нед., 28 ч.), ауд. 306 \\ 10.3-361, 10.3-362 ДВ Анализ драматического текста в школе (Пр. 16-17 нед., 4 ч.), Сорокина Т.В. | HK16: 10.3-522 Лексикология русского языка Пр., Некрасова И.Д. (2-11 нед., 20 ч.), ауд. 307 \\ 10.3-425 Русская литература ХХ века Пр., Котомцев Д.О. (12-17 нед., 12 ч.), ауд. 307 | IC16: 10.3-422 Теоретическая грамматика русского языка Пр., Залялова Р.Р. (2-17 нед., 32 ч.), ауд. 308 | IU16: 10.3-424 Академическое письмо (русский язык) Пр., Гатаулина Р.Г. (2-16 нед., 30 ч.), ауд. 310 \\ 10.3-324 Зарубежная литература Пр., Зиннатуллина З.Р. (16-17 нед., 4 ч.), ауд. 310 | JM16: 10.3-423А Язык делового общения (английский язык) Пр., Курмаева И.И. (2-16 нед., 30 ч.), ауд. 314 \\ 10.3-321 Педагогическая практика Пр., Закиров Р.Д. (17 нед., 2 ч.), ауд. 314 | KE16: 10.3-343 Синтаксис русского языка (Пр. 2-11, 16-17 нед., 24 ч.), Фаронская С.А. \\ 10.3-423Б Коммуникативный практикум Пр., Малинина А.М. (12-15 нед., 8 ч.), ауд. 318 | KW16: 10.3-344А Практический курс русского языка (Пр. 2-4 нед., 6 ч.), Гусманова Д.Ш. // 10.3-622А Коммуникативный практикум (Пр. 5 нед., 2 ч.), Языкова А.Ю., ауд. 322 \\ 10.3-323 Коммуникативный практикум Пр., Сайфиева М.И. (6-10 нед., 10 ч.), ауд. 322 \\ 10.3-421А Коммуникативный практикум Пр., Салахиева Л.И. (11-17 нед., 14 ч.), ауд. 322 | LO16: 10.3-423Б Коммуникативный практикум Пр., Малинина А.М. (2 нед., 2 ч.), ауд. 323 \\ 10.3-421Б Язык делового общения (английский язык) Пр., Алексеева Л.А. (3-17 нед., 30 ч.), ауд. 323 | MG16: 10.3-531 История русской художественной культуры (Пр. 2-13 нед., 24 ч.), Насрутдинова Л.Х. // 10.3-351 История английского языка (Пр. 14-15 нед., 4 ч.), Нурутдинова А.Р. // 10.3-253 История русского литературного языка (Пр. 16 нед., 2 ч.), Сабирова А.И. // 10.3-255 История русского литературного языка (Пр. 17 нед., 2 ч.), Сабирова А.И. | MY16: 10.3-561 Историческая фонетика и грамматика русского языка (Пр. 2-11 нед., 20 ч.), Карасева А.И. // 10.3-652 Фонетика, орфоэпия русского языка (Пр. 12-16 нед., 10 ч.), Тимуршина Д.И. // 10.3-253 ДВ Историческое словообразование и вопросы этимологии (Пр. 17 нед., 2 ч.), Ерофеева И.В. | NQ16: 10.3-562 Русская литература XVIII века (Пр. 2-17 нед., 32 ч.), Галимуллина А.Ф. | OI16: 10.3-332 Литературоведческий анализ художественного текста: практикум (Пр. 2-6, 11-16 нед., 22 ч.), Хабибуллина А.З. \\ 10.3-423Б Коммуникативный практикум Пр., Малинина А.М. (7-10 нед., 8 ч.), ауд. 411 \\ 10.3-332Б Прикладные проблемы синтаксиса русского языка (Пр. 17 нед., 2 ч.), Мардиева Л.А. | PA16: 10.3-321 ДВ Язык средств массовой информации (английский язык) Пр., Алексеева Л.И. (2 нед., 2 ч.), ауд. 241\242 \\ 10.3- 321 Стилистика русского языка Пр., Сайфиева М.И. (3-5 нед., 6 ч.), ауд. 241\242 \\ 10.3-321 Педагогическая практика Пр., Закиров Р.Д. (6-16 нед., 22 ч.), ауд. 241\242 \\ 10.3-352 Практика по профилю подготовки (в области русского языка) (Пр. 17 нед., 2 ч.), Карасева А.И. | PS16: 10.3-251 ДВ Технологии подготовки к международным экзаменам: аудирование и говорение (английский язык) (Пр. 2-4 нед., 6 ч.), Литвиненко Е.В. - 3 нед перенос // 10.3-253 Деловой английский язык (Пр. 3 нед., 2 ч.), Чумарина Г.Р. // 10.3-344А Практический курс русского языка (Пр. 5-11, 16-17 нед., 18 ч.), Гусманова Д.Ш. // 10.3-352 Практика по профилю подготовки (в области русского языка) (Пр. 12-15 нед., 8 ч.), Карасева А.И., ауд. 243/244 | QK16: 10.3-342 История русского литературного языка (Пр. 2-10 нед., 18 ч.), Лукоянова Ю.К. \\ 10.3-324 Стилистика русского языка Пр., Сайфиева М.И. (11-15 нед., 10 ч.), ауд. 342\343 \\ 10.3-351 История русского литературного языка (Пр. 16 нед., 2 ч.), Карасева А.И. // 10.3-351 История английского языка (Пр. 17 нед., 2 ч.), Нурутдинова А.Р. | RC16: 10.3-551, 10.3-552, 10.3-553 15:50 Элективные курсы по физической культуре и спорту (Пр. 2-18 нед., 34 ч.), Бутлерова, 4 | RU16: 10.3-621, 10.3-622, 10.3-631, 10.3-641, 10.3-651, 10.3-652, 10.3-653, 10.3-661 История России (Л. 2 нед., 2 ч.), Саматова Ч.Х., ауд. 355 // 10.3-351, 10.3-352, 10.3-353, 10.3-354, 10.3-361, 10.3-362 Синтаксис русского языка (Л. 3-11 нед., 18 ч.), Фаттахова Н.Н. | SM16: 10.3-441, 10.3-445, 10.3-446, 10.3-451, 10.3-452, 10.3-455, 10.3-461, 10.3-462 История педагогики и образования (Л. 2-4 нед., 6 ч.), Валиахметова Н.Р. ДОТ: https://telemost.360.yandex.ru/j/7339685328 | TE16: 10.3-581 Проблемы изучения и преподавания литературной критики в средней и высшей школе (л. 2-4 нед., 6 ч.) Бакиров Р.А., ссылка https://telemost.yandex.ru/j/23923074601481 | ACE16: 10.3-652 Фонетика, орфоэпия русского языка (Пр. 9-11, 17 нед., 8 ч.), Тимуршина Д.И., ауд. | ACW16: 10.3-345 Контрастивная лингвистика (Пр. 2-10 нед., 18 ч.), Давлатова М.М., ауд. 249(2) https://telemost.yandex.ru/j/58027266859258 | AEG16: 10.3-622А Коммуникативный практикум (Пр. 3-4, 6-7 нед., 8 ч.), Языкова А.Ю., ауд. 249(2)
C17: 1 | T17: 18 | U17: 1 | AL17: 18 | AM17: 1 | BD17: 18 | BE17: 1 | BV17: 18 | BW17: 1 | CN17: 18 | CO17: 1 | DF17: 18 | DG17: 1 | DX17: 18 | DY17: 1 | EP17: 18 | EQ17: 1 | FH17: 18 | FI17: 1 | FZ17: 18 | GA17: 1 | GR17: 18 | HJ17: 18 | HK17: 1 | IB17: 18 | IC17: 1 | IT17: 18 | IU17: 1 | JL17: 18 | JM17: 1 | KD17: 18 | KE17: 1 | KV17: 18 | KW17: 1 | LN17: 18 | LO17: 1 | MF17: 18 | MX17: 18 | MY17: 1 | NP17: 18 | NQ17: 1 | OH17: 18 | OI17: 1 | OZ17: 18 | PA17: 1 | PR17: 18 | PS17: 1 | QJ17: 18 | QK17: 1 | RB17: 18 | RC17: 1 | RD17: 2 | RE17: 3 | RF17: 4 | RG17: 5 | RH17: 6 | RI17: 7 | RJ17: 8 | RK17: 9 | RL17: 10 | RM17: 11 | RN17: 12 | RO17: 13 | RP17: 14 | RQ17: 15 | RR17: 16 | RS17: 17 | RT17: 18 | RU17: 1 | RV17: 2 | RW17: 3 | RX17: 4 | RY17: 5 | RZ17: 6 | SA17: 7 | SB17: 8 | SC17: 9 | SD17: 10 | SE17: 11 | SF17: 12 | SG17: 13 | SH17: 14 | SI17: 15 | SJ17: 16 | SK17: 17 | SL17: 18 | SM17: 1 | SN17: 2 | SO17: 3 | SP17: 4 | SQ17: 5 | SR17: 6 | SS17: 7 | ST17: 8 | SU17: 9 | SV17: 10 | SW17: 11 | SX17: 12 | SY17: 13 | SZ17: 14 | TA17: 15 | TB17: 16 | TC17: 17 | TD17: 18 | TE17: 1 | TF17: 2 | TG17: 3 | TH17: 4 | TI17: 5 | TJ17: 6 | TK17: 7 | TL17: 8 | TM17: 9 | TN17: 10 | TO17: 11 | TP17: 12 | TQ17: 13 | TR17: 14 | TS17: 15 | TT17: 16 | TU17: 17 | TV17: 18 | TW17: 1 | TX17: 2 | TY17: 3 | TZ17: 4 | UA17: 5 | UB17: 6 | UC17: 7 | UD17: 8 | UE17: 9 | UF17: 10 | UG17: 11 | UH17: 12 | UI17: 13 | UJ17: 14 | UK17: 15 | UL17: 16 | UM17: 17 | UN17: 18 | UO17: 1 | UP17: 2 | UQ17: 3 | UR17: 4 | US17: 5 | UT17: 6 | UU17: 7 | UV17: 8 | UW17: 9 | UX17: 10 | UY17: 11 | UZ17: 12 | VA17: 13 | VB17: 14 | VC17: 15 | VD17: 16 | VE17: 17 | VF17: 18 | VG17: 1 | VH17: 2 | VI17: 3 | VJ17: 4 | VK17: 5 | VL17: 6 | VM17: 7 | VN17: 8 | VO17: 9 | VP17: 10 | VQ17: 11 | VR17: 12 | VS17: 13 | VT17: 14 | VU17: 15 | VV17: 16 | VW17: 17 | VX17: 18 | VY17: 1 | VZ17: 2 | WA17: 3 | WB17: 4 | WC17: 5 | WD17: 6 | WE17: 7 | WF17: 8 | WG17: 9 | WH17: 10 | WI17: 11 | WJ17: 12 | WK17: 13 | WL17: 14 | WM17: 15 | WN17: 16 | WO17: 17 | WP17: 18 | WQ17: 1 | WR17: 2 | WS17: 3 | WT17: 4 | WU17: 5 | WV17: 6 | WW17: 7 | WX17: 8 | WY17: 9 | WZ17: 10 | XA17: 11 | XB17: 12 | XC17: 13 | XD17: 14 | XE17: 15 | XF17: 16 | XG17: 17 | XH17: 18 | XI17: 1 | XJ17: 2 | XK17: 3 | XL17: 4 | XM17: 5 | XN17: 6 | XO17: 7 | XP17: 8 | XQ17: 9 | XR17: 10 | XS17: 11 | XT17: 12 | XU17: 13 | XV17: 14 | XW17: 15 | XX17: 16 | XY17: 17 | XZ17: 18 | YA17: 1 | YB17: 2 | YC17: 3 | YD17: 4 | YE17: 5 | YF17: 6 | YG17: 7 | YH17: 8 | YI17: 9 | YJ17: 10 | YK17: 11 | YL17: 12 | YM17: 13 | YN17: 14 | YO17: 15 | YP17: 16 | YQ17: 17 | YR17: 18 | YS17: 1 | YT17: 2 | YU17: 3 | YV17: 4 | YW17: 5 | YX17: 6 | YY17: 7 | YZ17: 8 | ZA17: 9 | ZB17: 10 | ZC17: 11 | ZD17: 12 | ZE17: 13 | ZF17: 14 | ZG17: 15 | ZH17: 16 | ZI17: 17 | ZJ17: 18 | ZK17: 1 | ZL17: 2 | ZM17: 3 | ZN17: 4 | ZO17: 5 | ZP17: 6 | ZQ17: 7 | ZR17: 8 | ZS17: 9 | ZT17: 10 | ZU17: 11 | ZV17: 12 | ZW17: 13 | ZX17: 14 | ZY17: 15 | ZZ17: 16 | AAA17: 17 | AAB17: 18 | AAC17: 1 | AAD17: 2 | AAE17: 3 | AAF17: 4 | AAG17: 5 | AAH17: 6 | AAI17: 7 | AAJ17: 8 | AAK17: 9 | AAL17: 10 | AAM17: 11 | AAN17: 12 | AAO17: 13 | AAP17: 14 | AAQ17: 15 | AAR17: 16 | AAS17: 17 | AAT17: 18 | AAU17: 1 | AAV17: 2 | AAW17: 3 | AAX17: 4 | AAY17: 5 | AAZ17: 6 | ABA17: 7 | ABB17: 8 | ABC17: 9 | ABD17: 10 | ABE17: 11 | ABF17: 12 | ABG17: 13 | ABH17: 14 | ABI17: 15 | ABJ17: 16 | ABK17: 17 | ABL17: 18 | ABM17: 1 | ABN17: 2 | ABO17: 3 | ABP17: 4 | ABQ17: 5 | ABR17: 6 | ABS17: 7 | ABT17: 8 | ABU17: 9 | ABV17: 10 | ABW17: 11 | ABX17: 12 | ABY17: 13 | ABZ17: 14 | ACA17: 15 | ACB17: 16 | ACC17: 17 | ACD17: 18 | ACE17: 1 | ACF17: 2 | ACG17: 3 | ACH17: 4 | ACI17: 5 | ACJ17: 6 | ACK17: 7 | ACL17: 8 | ACM17: 9 | ACN17: 10 | ACO17: 11 | ACP17: 12 | ACQ17: 13 | ACR17: 14 | ACS17: 15 | ACT17: 16 | ACU17: 17 | ACV17: 18 | ACW17: 1 | ACX17: 2 | ACY17: 3 | ACZ17: 4 | ADA17: 5 | ADB17: 6 | ADC17: 7 | ADD17: 8 | ADE17: 9 | ADF17: 10 | ADG17: 11 | ADH17: 12 | ADI17: 13 | ADJ17: 14 | ADK17: 15 | ADL17: 16 | ADM17: 17 | ADN17: 18 | ADO17: 1 | ADP17: 2 | ADQ17: 3 | ADR17: 4 | ADS17: 5 | ADT17: 6 | ADU17: 7 | ADV17: 8 | ADW17: 9 | ADX17: 10 | ADY17: 11 | ADZ17: 12 | AEA17: 13 | AEB17: 14 | AEC17: 15 | AED17: 16 | AEE17: 17 | AEF17: 18 | AEG17: 1 | AEH17: 2 | AEI17: 3 | AEJ17: 4 | AEK17: 5 | AEL17: 6 | AEM17: 7 | AEN17: 8 | AEO17: 9 | AEP17: 10 | AEQ17: 11 | AER17: 12 | AES17: 13 | AET17: 14 | AEU17: 15 | AEV17: 16 | AEW17: 17 | AEX17: 18 | AEY17: 1 | AEZ17: 2 | AFA17: 3 | AFB17: 4 | AFC17: 5 | AFD17: 6 | AFE17: 7 | AFF17: 8 | AFG17: 9 | AFH17: 10 | AFI17: 11 | AFJ17: 12 | AFK17: 13 | AFL17: 14 | AFM17: 15 | AFN17: 16 | AFO17: 17 | AFP17: 18 | AFQ17: 1 | AFR17: 2 | AFS17: 3 | AFT17: 4 | AFU17: 5 | AFV17: 6 | AFW17: 7 | AFX17: 8 | AFY17: 9 | AFZ17: 10 | AGA17: 11 | AGB17: 12 | AGC17: 13 | AGD17: 14 | AGE17: 15 | AGF17: 16 | AGG17: 17 | AGH17: 18
B18: 0.72916667 | C18: 10.3-591 ДВ. Выразительное чтение (пр. 2-8 нед. 14 ч.) Мифтахова З.Э.//Педагогическая практика (литература) (пр. 9-17 нед., 18 ч.) Сорокина Т.В. | U18: 10.3-352 Финансово-экономический практикум (Пр. 2-10 нед., 18 ч.), Игнатьева О.А.// 10.3-591 Педагогическая практика (русский язык) (пр. 11-17 нед., 14 ч.) Давлатова М.М. | AM18: 10.3-262 Организация внеклассной работы по литературе (Пр. 2-11, 16-17 нед., 24 ч.), Галимуллина А.Ф. | BE18: 10.3-253 ДВ Технологии подготовки к международным экзаменам: аудирование и говорение (английский язык) (Пр. 2-6 нед., 10 ч.), Литвиненко Е.В. // 10.3-351А Практический курс английского языка (Пр. 7-17 нед., 22 ч.), Шейнина Д.П. (Мифтахова Л.Б.) | BW18: 10.3-261 История русской литературной критики (Пр. 2-10 нед., 18 ч.), Бакиров Р.А. // 10.3-361 Методика обучения видам речевой деятельности (Пр. 11-17 нед., 14 ч.), Казанцева А.М. | CO18: 10.3-344Б Практический курс русского языка (Пр. 2-11, 16-17 нед., 24 ч.), Каипова Р.Р. // 10.3-352А Практический курс русского языка (Пр. 12-15 нед., 8 ч.), Гусманова Д.Ш. | DG18: 10.3-617 Иностранный язык (Пр. 2-17 нед., 32 ч.), Юзекаева Ю.Р. | DY18: 10.3-423А Практическая грамматика Пр., Малинина А.М. (2-5 нед., 8 ч.), ауд. 302 \\ 10.3-423Б Коммуникативный практикум Пр., Малинина А.М. (6-8 нед., 6 ч.), ауд. 302 // 10.3-351Б, Фархад Бадур (9 нед.) \\ 10.3-353А Аудирование аутентичных материалов (английский язык) (Пр. 10-17 нед., 16 ч.), Чумарина Г.Р. | EQ18: 10.3-423Б Практическая грамматика Пр., Закиров Р.Д. (2-5 нед., 8 ч.), ауд. 303 \\ 10.3-423А Коммуникативный практикум Пр., Закиров Р.Д. (6-8 нед., 6 ч.), ауд. 303 \\ | FI18: 10.3-251 История русского литературного языка (Пр. 2-11, 16-17 нед., 24 ч.), Лукоянова Ю.К. | GA18: 10.3-431 Практический курс первого иностранного языка (Пр. 2-14 нед., 26 ч.), Амурская О.Ю. // 10.3-431 Стилистика (Пр. 15-16 нед., 4 ч.), Хайрутдинова А.М. // 10.3-431 Русская литература XIX века (Пр. 17 нед., 2 ч.), Бекметов Р.Ф. | GS18: 10.3-324 Зарубежная литература Пр., Зиннатуллина З.Р. (2-17 нед., 32 ч.), ауд. 306 | HK18: 10.3-353 ФТД Практикум по культуре речевого общения на английском языке (Пр. 2-4 нед., 6 ч.), Нурутдинова А.Р. // 10.3-323 Филологический анализ текста Пр., Хайрутдинова А.М. (5-8 нед., 8 ч.), ауд. 307 \\ 10.3-424 ФТД Карьерная навигация Пр., Хайрутдинова А.М. (9-13 нед., 10 ч.), ауд. 307 \\ 10.3-425 Русская литература ХХ века Пр., Котомцев Д.О. (14-17 нед., 8 ч.), ауд. 307 | IC18: 10.3-424 Теоретическая грамматика русского языка Пр., Залялова Р.Р. (2-8 нед., 14 ч.), ауд. 308 \\ 10.3-423 Теоретическая грамматика русского языка Пр., Залялова Р.Р. (9-17 нед., 18 ч.), ауд. 308 | IU18: 10.3-422 Академическое письмо (русский язык) Пр., Гатаулина Р.Г. (2-16 нед., 30 ч.), ауд. 310 \\ | JM18: 10.3-425 Язык делового общения (английский язык) Пр., Курмаева И.И. (2-13 нед., 24 ч.), ауд. 314 \\ 10.3-424 Язык делового общения (английский язык) Пр., Алексеева Л.А. (14-17 нед., 8 ч.), ауд. 307 | KE18: 10.3-343 Синтаксис русского языка (Пр. 2-11, 16-17 нед., 24 ч.), Фаронская С.А. // 631, Болгарова (13 нед.) | KW18: 10.3-351А Практический курс английского языка (Пр. 2-6 нед., 10 ч.), Шейнина Д.П. (Мифтахова Л.Б.) // 10.3-353А Аудирование аутентичных материалов (английский язык) (Пр. 7-9 нед., 6 ч.), Чумарина Г.Р. \\ 10.3-421А Коммуникативный практикум Пр., Салахиева Л.И. (11-17 нед., 14 ч.), ауд. 322 | LO18: 10.3-353А Аудирование аутентичных материалов (английский язык) (Пр. 5 нед., 2 ч.), Чумарина Г.Р. \\ 10.3-421Б Практическая грамматика Пр., Марданова С.Р. (6-17 нед., 24 ч.), ауд. 323 | MG18: 10.3-517 Практический курс русского жестового языка (Пр. 2-15 нед., 28 ч.), Уразбаева И.Р. // 10.3-255 История русского литературного языка (Пр. 17 нед., 2 ч.), Сабирова А.И. | MY18: 10.3-581 ДВ. Практикум по подготовке к итоговой аттестации по литературе (пр.2-13 нед., 24 ч.) Насрутдинова Л.Х., ДВ Современная интерпретация литературы XIX века в практике школьного и вузовского преподавания (пр. 14-15 нед., 4 ч.), Пашкуров А.Н. // 10.3-352 Теория и методика обучения английскому языку (Пр. 16-17 нед., 4 ч.), Литвиненко Е.В. | NQ18: 10.3-341 Контрастивная лингвистика (Пр. 2-10 нед., 18 ч.), Давлатова М.М. // 10.3-253 ДВ Историческое словообразование и вопросы этимологии (Пр. 11, 16-17 нед., 6 ч.), Ерофеева И.В. // 351Б, Антех Джойс Дедеи (12 нед.) | OI18: 10.3-332 Прикладные проблемы синтаксиса русского языка (Л. 2-6 нед., 10 ч.), Мардиева Л.А. // 10.3-253 ДВ Историческое словообразование и вопросы этимологии (Пр. 7-10 нед., 8 ч.), Ерофеева И.В. // 10.3-332Б Прикладные проблемы синтаксиса русского языка (Пр. 10-17 нед., 16 ч.), Мардиева Л.А. | PA18: 10.3-361 Методика обучения видам речевой деятельности (Пр. 2-10 нед., 18 ч.), Казанцева А.М. | PS18: 10.3-344А Практический курс русского языка (Пр. 2-11, 16-17 нед., 24 ч.), Гусманова Д.Ш. | QK18: 10.3-362 Синтаксис русского языка (Пр. 2-17 нед., 32 ч.), Сафонова С.С. | RC18: 10.3-561, 10.3-562, 10.3-521, 10.3-522, 10.3-523, 10.3-531 17:30 Элективные курсы по физической культуре и спорту (Пр. 2-18 нед., 34 ч.), Бутлерова, 4 | SM18: 10.3-441, 10.3-445, 10.3-446, 10.3-451, 10.3-452, 10.3-455, 10.3-461, 10.3-462 Социокультурные ценности в образовании (Л. 2-3, 5-9, 15-16 нед., 18 ч.), Баклашова Т.А., ауд. 249(2) ДОТ: https://telemost.360.yandex.ru/j/0260295316
C19: 1 | T19: 18 | U19: 1 | AL19: 18 | AM19: 1 | AX19: 12 | AY19: 13 | AZ19: 14 | BA19: 15 | BD19: 18 | BE19: 1 | BV19: 18 | BW19: 1 | CN19: 18 | CO19: 1 | DF19: 18 | DG19: 1 | DX19: 18 | DY19: 1 | EP19: 18 | EQ19: 1 | EY19: 9 | EZ19: 10 | FA19: 11 | FB19: 12 | FC19: 13 | FD19: 14 | FE19: 15 | FF19: 16 | FG19: 17 | FH19: 18 | FI19: 1 | FT19: 12 | FU19: 13 | FV19: 14 | FW19: 15 | FZ19: 18 | GA19: 1 | GR19: 18 | GS19: 1 | HJ19: 18 | HK19: 1 | IB19: 18 | IC19: 1 | IT19: 18 | IU19: 1 | JK19: 17 | JL19: 18 | KD19: 18 | KE19: 1 | KP19: 12 | KR19: 14 | KS19: 15 | KV19: 18 | KW19: 1 | LF19: 10 | LN19: 18 | LO19: 1 | LP19: 2 | LQ19: 3 | LR19: 4 | MF19: 18 | MV19: 16 | MX19: 18 | MY19: 1 | NP19: 18 | NQ19: 1 | OC19: 13 | OD19: 14 | OE19: 15 | OH19: 18 | OI19: 1 | OZ19: 18 | PA19: 1 | PK19: 11 | PL19: 12 | PM19: 13 | PN19: 14 | PO19: 15 | PP19: 16 | PQ19: 17 | PR19: 18 | PS19: 1 | QD19: 12 | QE19: 13 | QF19: 14 | QG19: 15 | QJ19: 18 | QK19: 1 | RB19: 18 | RC19: 1 | RD19: 2 | RE19: 3 | RF19: 4 | RG19: 5 | RH19: 6 | RI19: 7 | RJ19: 8 | RK19: 9 | RL19: 10 | RM19: 11 | RN19: 12 | RO19: 13 | RP19: 14 | RQ19: 15 | RR19: 16 | RS19: 17 | RT19: 18 | RU19: 1 | RV19: 2 | RW19: 3 | RX19: 4 | RY19: 5 | RZ19: 6 | SA19: 7 | SB19: 8 | SC19: 9 | SD19: 10 | SE19: 11 | SF19: 12 | SG19: 13 | SH19: 14 | SI19: 15 | SJ19: 16 | SK19: 17 | SL19: 18 | SM19: 1 | SN19: 2 | SO19: 3 | SP19: 4 | SQ19: 5 | SR19: 6 | SS19: 7 | ST19: 8 | SU19: 9 | SV19: 10 | SW19: 11 | SX19: 12 | SY19: 13 | SZ19: 14 | TA19: 15 | TB19: 16 | TC19: 17 | TD19: 18 | TE19: 1 | TF19: 2 | TG19: 3 | TH19: 4 | TI19: 5 | TJ19: 6 | TK19: 7 | TL19: 8 | TM19: 9 | TN19: 10 | TO19: 11 | TP19: 12 | TQ19: 13 | TR19: 14 | TS19: 15 | TT19: 16 | TU19: 17 | TV19: 18 | TW19: 1 | TX19: 2 | TY19: 3 | TZ19: 4 | UA19: 5 | UB19: 6 | UC19: 7 | UD19: 8 | UE19: 9 | UF19: 10 | UG19: 11 | UH19: 12 | UI19: 13 | UJ19: 14 | UK19: 15 | UL19: 16 | UM19: 17 | UN19: 18 | UO19: 1 | UP19: 2 | UQ19: 3 | UR19: 4 | US19: 5 | UT19: 6 | UU19: 7 | UV19: 8 | UW19: 9 | UX19: 10 | UY19: 11 | UZ19: 12 | VA19: 13 | VB19: 14 | VC19: 15 | VD19: 16 | VE19: 17 | VF19: 18 | VG19: 1 | VH19: 2 | VI19: 3 | VJ19: 4 | VK19: 5 | VL19: 6 | VM19: 7 | VN19: 8 | VO19: 9 | VP19: 10 | VQ19: 11 | VR19: 12 | VS19: 13 | VT19: 14 | VU19: 15 | VV19: 16 | VW19: 17 | VX19: 18 | VY19: 1 | VZ19: 2 | WA19: 3 | WB19: 4 | WC19: 5 | WD19: 6 | WE19: 7 | WF19: 8 | WG19: 9 | WH19: 10 | WI19: 11 | WJ19: 12 | WK19: 13 | WL19: 14 | WM19: 15 | WN19: 16 | WO19: 17 | WP19: 18 | WQ19: 1 | WR19: 2 | WS19: 3 | WT19: 4 | WU19: 5 | WV19: 6 | WW19: 7 | WX19: 8 | WY19: 9 | WZ19: 10 | XA19: 11 | XB19: 12 | XC19: 13 | XD19: 14 | XE19: 15 | XF19: 16 | XG19: 17 | XH19: 18 | XI19: 1 | XJ19: 2 | XK19: 3 | XL19: 4 | XM19: 5 | XN19: 6 | XO19: 7 | XP19: 8 | XQ19: 9 | XR19: 10 | XS19: 11 | XT19: 12 | XU19: 13 | XV19: 14 | XW19: 15 | XX19: 16 | XY19: 17 | XZ19: 18 | YA19: 1 | YB19: 2 | YC19: 3 | YD19: 4 | YE19: 5 | YF19: 6 | YG19: 7 | YH19: 8 | YI19: 9 | YJ19: 10 | YK19: 11 | YL19: 12 | YM19: 13 | YN19: 14 | YO19: 15 | YP19: 16 | YQ19: 17 | YR19: 18 | YS19: 1 | YT19: 2 | YU19: 3 | YV19: 4 | YW19: 5 | YX19: 6 | YY19: 7 | YZ19: 8 | ZA19: 9 | ZB19: 10 | ZC19: 11 | ZD19: 12 | ZE19: 13 | ZF19: 14 | ZG19: 15 | ZH19: 16 | ZI19: 17 | ZJ19: 18 | ZK19: 1 | ZL19: 2 | ZM19: 3 | ZN19: 4 | ZO19: 5 | ZP19: 6 | ZQ19: 7 | ZR19: 8 | ZS19: 9 | ZT19: 10 | ZU19: 11 | ZV19: 12 | ZW19: 13 | ZX19: 14 | ZY19: 15 | ZZ19: 16 | AAA19: 17 | AAB19: 18 | AAC19: 1 | AAD19: 2 | AAE19: 3 | AAF19: 4 | AAG19: 5 | AAH19: 6 | AAI19: 7 | AAJ19: 8 | AAK19: 9 | AAL19: 10 | AAM19: 11 | AAN19: 12 | AAO19: 13 | AAP19: 14 | AAQ19: 15 | AAR19: 16 | AAS19: 17 | AAT19: 18 | AAU19: 1 | AAV19: 2 | AAW19: 3 | AAX19: 4 | AAY19: 5 | AAZ19: 6 | ABA19: 7 | ABB19: 8 | ABC19: 9 | ABD19: 10 | ABE19: 11 | ABF19: 12 | ABG19: 13 | ABH19: 14 | ABI19: 15 | ABJ19: 16 | ABK19: 17 | ABL19: 18 | ABM19: 1 | ABN19: 2 | ABO19: 3 | ABP19: 4 | ABQ19: 5 | ABR19: 6 | ABS19: 7 | ABT19: 8 | ABU19: 9 | ABV19: 10 | ABW19: 11 | ABX19: 12 | ABY19: 13 | ABZ19: 14 | ACA19: 15 | ACB19: 16 | ACC19: 17 | ACD19: 18 | ACE19: 1 | ACF19: 2 | ACG19: 3 | ACH19: 4 | ACI19: 5 | ACJ19: 6 | ACK19: 7 | ACL19: 8 | ACM19: 9 | ACN19: 10 | ACO19: 11 | ACP19: 12 | ACQ19: 13 | ACR19: 14 | ACS19: 15 | ACT19: 16 | ACU19: 17 | ACV19: 18 | ACW19: 1 | ACX19: 2 | ACY19: 3 | ACZ19: 4 | ADA19: 5 | ADB19: 6 | ADC19: 7 | ADD19: 8 | ADE19: 9 | ADF19: 10 | ADG19: 11 | ADH19: 12 | ADI19: 13 | ADJ19: 14 | ADK19: 15 | ADL19: 16 | ADM19: 17 | ADN19: 18 | ADO19: 1 | ADP19: 2 | ADQ19: 3 | ADR19: 4 | ADS19: 5 | ADT19: 6 | ADU19: 7 | ADV19: 8 | ADW19: 9 | ADX19: 10 | ADY19: 11 | ADZ19: 12 | AEA19: 13 | AEB19: 14 | AEC19: 15 | AED19: 16 | AEE19: 17 | AEF19: 18 | AEG19: 1 | AEH19: 2 | AEI19: 3 | AEJ19: 4 | AEK19: 5 | AEL19: 6 | AEM19: 7 | AEN19: 8 | AEO19: 9 | AEP19: 10 | AEQ19: 11 | AER19: 12 | AES19: 13 | AET19: 14 | AEU19: 15 | AEV19: 16 | AEW19: 17 | AEX19: 18 | AEY19: 1 | AEZ19: 2 | AFA19: 3 | AFB19: 4 | AFC19: 5 | AFD19: 6 | AFE19: 7 | AFF19: 8 | AFG19: 9 | AFH19: 10 | AFI19: 11 | AFJ19: 12 | AFK19: 13 | AFL19: 14 | AFM19: 15 | AFN19: 16 | AFO19: 17 | AFP19: 18 | AFQ19: 1 | AFR19: 2 | AFS19: 3 | AFT19: 4 | AFU19: 5 | AFV19: 6 | AFW19: 7 | AFX19: 8 | AFY19: 9 | AFZ19: 10 | AGA19: 11 | AGB19: 12 | AGC19: 13 | AGD19: 14 | AGE19: 15 | AGF19: 16 | AGG19: 17 | AGH19: 18
B20: 0.79861111 | U20: 10.3-353 Финансово-экономический практикум (Пр. 2-10 нед., 18 ч.), Игнатьева О.А. // 10.3-353А Практический курс русского языка (Пр. 12-17 нед., 12 ч.), Гусманова Д.Ш. | AM20: 10.3-261 Организация внеклассной работы по литературе (Пр. 2-11, 16-17 нед., 24 ч.), Галимуллина А.Ф. | BE20: 10.3-253 Цифровые образовательные инструменты при обучении английскому языку (Пр. 2-11, 16-17 нед., 24 ч.), Литвиненко Е.В. \\ 10.3-423Б Коммуникативный практикум Пр., Малинина А.М. (12-15 нед., 8 ч.), ауд. 219\220 | BW20: 10.3-351А Практический курс английского языка (Пр. 2-17 нед., 32 ч.), Шейнина Д.П. (Мифтахова Л.Б.) | CO20: 10.3-343Б Практический курс русского языка (Пр. 2-11 нед., 20 ч.), Каипова Р.Р. | DG20: 10.3-343А Практический курс русского языка (Пр. 2-11 нед., 20 ч.), Гусманова Д.Ш. // 10.3-617 Иностранный язык (Пр. 14-17 нед., 8 ч.), Юзекаева Ю.Р., ауд. 301 | FI20: 10.3-262 История русского литературного языка (Пр. 2-11 нед., 20 ч.), Лукоянова Ю.К. // 10.3-251 История русского литературного языка (Пр. 16-17 нед., 4 ч.), Лукоянова Ю.К. | GA20: 10.3-431 Русская литература XIX века (Л. 2-10 нед., 18 ч., Пр. 11-17 нед., 14 ч.), Бекметов Р.Ф. | HK20: \\ 10.3-422 Русская литература ХХ века Пр., Котомцев Д.О. (12-17 нед., 12 ч., ауд. 307 | IC20: 10.3-423 Теоретическая грамматика русского языка Пр., Залялова Р.Р. (2-6 нед., 10 ч.), ауд. 308 \\ | IU20: 10.3-424 Практическая грамматика Пр., Латыпова К.Ш. (2-6 нед., 10 ч.), ауд. 310 \\ | JM20: 10.3-362 Методика обучения видам речевой деятельности (Пр. 2-17 нед., 32 ч.), Казанцева А.М. | KE20: 10.3-344 Синтаксис русского языка (Пр. 2-11, 16-17 нед., 24 ч.), Фаронская С.А. | LO20: \\ 10.3-421Б Практическая грамматика Пр., Марданова С.Р. (6-17 нед., 24 ч.), ауд. 323 | MG20: 10.3-591 Знаковые имена русской литературы (пр. 2-10 нед. 18 ч.) Мифтахова З.Э.//ДВ. Выразительное чтение (пр. 11-15 нед. 10 ч.) Мифтахова З.Э. | MY20: 10.3-581 ДВ. Практикум по подготовке к итоговой аттестации по литературе (пр.2-7 нед., 12 ч.) Насрутдинова Л.Х., Педагогическая практика (русский язык) (пр. 9-16 нед., 16 ч.) Давлатова М.М. | NQ20: 251, Фархад Бадур (5 нед.) // 10.3-251 Знаковые имена русской литературы (Пр. 6-11 нед., 12 ч.), Котомцев Д.О. // 351Б, Антех Джойс Дедеи (12 нед.) | OI20: 10.3-517 Морфология русского языка (Л. 2-6 нед., 10 ч., Пр. 7-15 нед., 18 ч.), Горобец Е.А. | QK20: 10.3-361 Синтаксис русского языка (Пр. 2-17 нед., 32 ч.), Сафонова С.С.
C21: 1 | D21: 2 | E21: 3 | F21: 4 | G21: 5 | H21: 6 | I21: 7 | J21: 8 | K21: 9 | L21: 10 | M21: 11 | N21: 12 | O21: 13 | P21: 14 | Q21: 15 | R21: 16 | S21: 17 | T21: 18 | U21: 1 | AE21: 11 | AL21: 18 | AM21: 1 | AX21: 12 | AY21: 13 | AZ21: 14 | BA21: 15 | BD21: 18 | BE21: 1 | BV21: 18 | BW21: 1 | CN21: 18 | CO21: 1 | CZ21: 12 | DA21: 13 | DB21: 14 | DC21: 15 | DD21: 16 | DE21: 17 | DF21: 18 | DG21: 1 | DR21: 12 | DS21: 13 | DX21: 18 | DY21: 1 | DZ21: 2 | EA21: 3 | EB21: 4 | EC21: 5 | ED21: 6 | EE21: 7 | EF21: 8 | EG21: 9 | EH21: 10 | EI21: 11 | EJ21: 12 | EK21: 13 | EL21: 14 | EM21: 15 | EN21: 16 | EO21: 17 | EP21: 18 | EQ21: 1 | ER21: 2 | ES21: 3 | ET21: 4 | EU21: 5 | EV21: 6 | EW21: 7 | EX21: 8 | EY21: 9 | EZ21: 10 | FA21: 11 | FB21: 12 | FC21: 13 | FD21: 14 | FE21: 15 | FF21: 16 | FG21: 17 | FH21: 18 | FI21: 1 | FT21: 12 | FU21: 13 | FV21: 14 | FW21: 15 | FZ21: 18 | GR21: 18 | GS21: 1 | GT21: 2 | GU21: 3 | GV21: 4 | GW21: 5 | GX21: 6 | GY21: 7 | GZ21: 8 | HA21: 9 | HB21: 10 | HC21: 11 | HD21: 12 | HE21: 13 | HF21: 14 | HG21: 15 | HH21: 16 | HI21: 17 | HJ21: 18 | HK21: 1 | HL21: 2 | HM21: 3 | HN21: 4 | HO21: 5 | HP21: 6 | HQ21: 7 | HR21: 8 | HS21: 9 | HT21: 10 | HU21: 11 | IB21: 18 | IC21: 1 | II21: 7 | IJ21: 8 | IK21: 9 | IL21: 10 | IM21: 11 | IN21: 12 | IO21: 13 | IP21: 14 | IQ21: 15 | IR21: 16 | IS21: 17 | IT21: 18 | IU21: 1 | JA21: 7 | JB21: 8 | JC21: 9 | JD21: 10 | JE21: 11 | JF21: 12 | JG21: 13 | JH21: 14 | JI21: 15 | JJ21: 16 | JK21: 17 | JL21: 18 | JM21: 1 | KD21: 18 | KE21: 1 | KP21: 12 | KQ21: 13 | KR21: 14 | KS21: 15 | KV21: 18 | KW21: 1 | KX21: 2 | KY21: 3 | KZ21: 4 | LA21: 5 | LB21: 6 | LC21: 7 | LD21: 8 | LE21: 9 | LF21: 10 | LG21: 11 | LH21: 12 | LI21: 13 | LJ21: 14 | LK21: 15 | LL21: 16 | LM21: 17 | LN21: 18 | LO21: 1 | LP21: 2 | LQ21: 3 | LR21: 4 | LS21: 5 | MF21: 18 | MG21: 1 | MV21: 16 | MW21: 17 | MX21: 18 | MY21: 1 | NO21: 17 | NP21: 18 | NQ21: 1 | NR21: 2 | NS21: 3 | NT21: 4 | OC21: 13 | OD21: 14 | OE21: 15 | OF21: 16 | OG21: 17 | OH21: 18 | OI21: 1 | OX21: 16 | OY21: 17 | OZ21: 18 | PA21: 1 | PB21: 2 | PC21: 3 | PD21: 4 | PE21: 5 | PF21: 6 | PG21: 7 | PH21: 8 | PI21: 9 | PJ21: 10 | PK21: 11 | PL21: 12 | PM21: 13 | PN21: 14 | PO21: 15 | PP21: 16 | PQ21: 17 | PR21: 18 | PS21: 1 | PT21: 2 | PU21: 3 | PV21: 4 | PW21: 5 | PX21: 6 | PY21: 7 | PZ21: 8 | QA21: 9 | QB21: 10 | QC21: 11 | QD21: 12 | QE21: 13 | QF21: 14 | QG21: 15 | QH21: 16 | QI21: 17 | QJ21: 18 | QK21: 1 | RB21: 18 | RC21: 1 | RD21: 2 | RE21: 3 | RF21: 4 | RG21: 5 | RH21: 6 | RI21: 7 | RJ21: 8 | RK21: 9 | RL21: 10 | RM21: 11 | RN21: 12 | RO21: 13 | RP21: 14 | RQ21: 15 | RR21: 16 | RS21: 17 | RT21: 18 | RU21: 1 | RV21: 2 | RW21: 3 | RX21: 4 | RY21: 5 | RZ21: 6 | SA21: 7 | SB21: 8 | SC21: 9 | SD21: 10 | SE21: 11 | SF21: 12 | SG21: 13 | SH21: 14 | SI21: 15 | SJ21: 16 | SK21: 17 | SL21: 18 | SM21: 1 | SN21: 2 | SO21: 3 | SP21: 4 | SQ21: 5 | SR21: 6 | SS21: 7 | ST21: 8 | SU21: 9 | SV21: 10 | SW21: 11 | SX21: 12 | SY21: 13 | SZ21: 14 | TA21: 15 | TB21: 16 | TC21: 17 | TD21: 18 | TE21: 1 | TF21: 2 | TG21: 3 | TH21: 4 | TI21: 5 | TJ21: 6 | TK21: 7 | TL21: 8 | TM21: 9 | TN21: 10 | TO21: 11 | TP21: 12 | TQ21: 13 | TR21: 14 | TS21: 15 | TT21: 16 | TU21: 17 | TV21: 18 | TW21: 1 | TX21: 2 | TY21: 3 | TZ21: 4 | UA21: 5 | UB21: 6 | UC21: 7 | UD21: 8 | UE21: 9 | UF21: 10 | UG21: 11 | UH21: 12 | UI21: 13 | UJ21: 14 | UK21: 15 | UL21: 16 | UM21: 17 | UN21: 18 | UO21: 1 | UP21: 2 | UQ21: 3 | UR21: 4 | US21: 5 | UT21: 6 | UU21: 7 | UV21: 8 | UW21: 9 | UX21: 10 | UY21: 11 | UZ21: 12 | VA21: 13 | VB21: 14 | VC21: 15 | VD21: 16 | VE21: 17 | VF21: 18 | VG21: 1 | VH21: 2 | VI21: 3 | VJ21: 4 | VK21: 5 | VL21: 6 | VM21: 7 | VN21: 8 | VO21: 9 | VP21: 10 | VQ21: 11 | VR21: 12 | VS21: 13 | VT21: 14 | VU21: 15 | VV21: 16 | VW21: 17 | VX21: 18 | VY21: 1 | VZ21: 2 | WA21: 3 | WB21: 4 | WC21: 5 | WD21: 6 | WE21: 7 | WF21: 8 | WG21: 9 | WH21: 10 | WI21: 11 | WJ21: 12 | WK21: 13 | WL21: 14 | WM21: 15 | WN21: 16 | WO21: 17 | WP21: 18 | WQ21: 1 | WR21: 2 | WS21: 3 | WT21: 4 | WU21: 5 | WV21: 6 | WW21: 7 | WX21: 8 | WY21: 9 | WZ21: 10 | XA21: 11 | XB21: 12 | XC21: 13 | XD21: 14 | XE21: 15 | XF21: 16 | XG21: 17 | XH21: 18 | XI21: 1 | XJ21: 2 | XK21: 3 | XL21: 4 | XM21: 5 | XN21: 6 | XO21: 7 | XP21: 8 | XQ21: 9 | XR21: 10 | XS21: 11 | XT21: 12 | XU21: 13 | XV21: 14 | XW21: 15 | XX21: 16 | XY21: 17 | XZ21: 18 | YA21: 1 | YB21: 2 | YC21: 3 | YD21: 4 | YE21: 5 | YF21: 6 | YG21: 7 | YH21: 8 | YI21: 9 | YJ21: 10 | YK21: 11 | YL21: 12 | YM21: 13 | YN21: 14 | YO21: 15 | YP21: 16 | YQ21: 17 | YR21: 18 | YS21: 1 | YT21: 2 | YU21: 3 | YV21: 4 | YW21: 5 | YX21: 6 | YY21: 7 | YZ21: 8 | ZA21: 9 | ZB21: 10 | ZC21: 11 | ZD21: 12 | ZE21: 13 | ZF21: 14 | ZG21: 15 | ZH21: 16 | ZI21: 17 | ZJ21: 18 | ZK21: 1 | ZL21: 2 | ZM21: 3 | ZN21: 4 | ZO21: 5 | ZP21: 6 | ZQ21: 7 | ZR21: 8 | ZS21: 9 | ZT21: 10 | ZU21: 11 | ZV21: 12 | ZW21: 13 | ZX21: 14 | ZY21: 15 | ZZ21: 16 | AAA21: 17 | AAB21: 18 | AAC21: 1 | AAD21: 2 | AAE21: 3 | AAF21: 4 | AAG21: 5 | AAH21: 6 | AAI21: 7 | AAJ21: 8 | AAK21: 9 | AAL21: 10 | AAM21: 11 | AAN21: 12 | AAO21: 13 | AAP21: 14 | AAQ21: 15 | AAR21: 16 | AAS21: 17 | AAT21: 18 | AAU21: 1 | AAV21: 2 | AAW21: 3 | AAX21: 4 | AAY21: 5 | AAZ21: 6 | ABA21: 7 | ABB21: 8 | ABC21: 9 | ABD21: 10 | ABE21: 11 | ABF21: 12 | ABG21: 13 | ABH21: 14 | ABI21: 15 | ABJ21: 16 | ABK21: 17 | ABL21: 18 | ABM21: 1 | ABN21: 2 | ABO21: 3 | ABP21: 4 | ABQ21: 5 | ABR21: 6 | ABS21: 7 | ABT21: 8 | ABU21: 9 | ABV21: 10 | ABW21: 11 | ABX21: 12 | ABY21: 13 | ABZ21: 14 | ACA21: 15 | ACB21: 16 | ACC21: 17 | ACD21: 18 | ACE21: 1 | ACF21: 2 | ACG21: 3 | ACH21: 4 | ACI21: 5 | ACJ21: 6 | ACK21: 7 | ACL21: 8 | ACM21: 9 | ACN21: 10 | ACO21: 11 | ACP21: 12 | ACQ21: 13 | ACR21: 14 | ACS21: 15 | ACT21: 16 | ACU21: 17 | ACV21: 18 | ACW21: 1 | ACX21: 2 | ACY21: 3 | ACZ21: 4 | ADA21: 5 | ADB21: 6 | ADC21: 7 | ADD21: 8 | ADE21: 9 | ADF21: 10 | ADG21: 11 | ADH21: 12 | ADI21: 13 | ADJ21: 14 | ADK21: 15 | ADL21: 16 | ADM21: 17 | ADN21: 18 | ADO21: 1 | ADP21: 2 | ADQ21: 3 | ADR21: 4 | ADS21: 5 | ADT21: 6 | ADU21: 7 | ADV21: 8 | ADW21: 9 | ADX21: 10 | ADY21: 11 | ADZ21: 12 | AEA21: 13 | AEB21: 14 | AEC21: 15 | AED21: 16 | AEE21: 17 | AEF21: 18 | AEG21: 1 | AEH21: 2 | AEI21: 3 | AEJ21: 4 | AEK21: 5 | AEL21: 6 | AEM21: 7 | AEN21: 8 | AEO21: 9 | AEP21: 10 | AEQ21: 11 | AER21: 12 | AES21: 13 | AET21: 14 | AEU21: 15 | AEV21: 16 | AEW21: 17 | AEX21: 18 | AEY21: 1 | AEZ21: 2 | AFA21: 3 | AFB21: 4 | AFC21: 5 | AFD21: 6 | AFE21: 7 | AFF21: 8 | AFG21: 9 | AFH21: 10 | AFI21: 11 | AFJ21: 12 | AFK21: 13 | AFL21: 14 | AFM21: 15 | AFN21: 16 | AFO21: 17 | AFP21: 18 | AFQ21: 1 | AFR21: 2 | AFS21: 3 | AFT21: 4 | AFU21: 5 | AFV21: 6 | AFW21: 7 | AFX21: 8 | AFY21: 9 | AFZ21: 10 | AGA21: 11 | AGB21: 12 | AGC21: 13 | AGD21: 14 | AGE21: 15 | AGF21: 16 | AGG21: 17 | AGH21: 18
A22: вторник | B22: 0.35416667 | C22: 10.3-523Б Практическая грамматика Пр., Закиров Р.Д. (1-17 нед., 34 ч.), ауд. 216 | U22: 10.3-354Б Иностранный язык в профессиональной коммуникации (Пр. 2-10 нед., 18 ч.), Исмагилова Г.К. // 10.3-653А Практический курс русского языка (Пр. 11-12 нед., 4 ч.), Фаронская С.А. // 10.3-652А Практический курс русского языка (Пр. 13-14 нед., 4 ч.), Фаронская С.А. | AM22: 10.3-622 Иностранный язык Пр., Алексеева Л.И. (4 нед., 2 ч.), ауд. 218 // 10.3-472 Феномен массовой литературы, Пр. 2 ч., Бреева Т.Н. (9 нед.) // 10.3-472, Скворцов АЭ (11 нед.) // 10.3-561 Историческая фонетика и грамматика русского языка (Пр. 17 нед., 2 ч.), Карасева А.И. | BE22: 10.3-653 Общие основы педагогики (Пр. 2-10 нед., 18 ч.), Фахрутдинова Р.А. // 461, Полякова (14 нед.) | BW22: 10.3-522А Иностранный язык Пр., Юзекаева Ю.Р. (1-3 нед., 6 ч.), ауд. 221 \\ 10.3-521А Иностранный язык Пр., Имамбердыева С. (4-9 нед., 12 ч.), ауд. 221 // 10.3-354Б Иностранный язык в профессиональной коммуникации (Пр. 11 нед., 2 ч.), Исмагилова Г.К. \\ 10.3-653 Введение в языкознание (Пр. 13-14 нед., 4 ч.), Нурмухаметова Р.С. // 10.3-653 Практический курс английского языка (Пр. 15 нед., 2 ч.), Насибуллова Г.Р. | CO22: 10.3-551Б Практический курс английского языка (Пр. 1-17 нед., 34 ч.), Мифтахова Л.Б. | DG22: 10.3-661А Иностранный язык (Пр. 1-17 нед., 34 ч.), Бинкова Г.Р. | DY22: 10.3-441А Практический курс русского языка (Пр. 1-17 нед., 34 ч.), Гусманова Д.Ш. | EQ22: 10.3-551А Практический курс английского языка (Пр. 1-17 нед., 34 ч.), Хакимуллина Д.Ф. | FI22: 10.3-622 Иностранный язык Пр., Алексеева Л.И. (5-17 нед., 26 ч.), ауд. 304 // 10.3-446 Морфология русского языка (Пр. 4 нед., 2 ч.), Казанцева А.М. | GA22: 10.3-523А Коммуникативный практикум Пр., Салахиева Л.И. (1-17 нед., 34 ч.), ауд. 305 | GS22: 10.3-531 Словообразование (Л. 1-9 нед., 18 ч., Пр. 10 нед., 2 ч.), Щуклина Т.Ю. // 521Б, Алвасете ЕЕ (11-12 нед.) | HK22: 10.3-651А Практический курс английского языка (Пр. 1-5 нед., 10 ч.), Гарифуллин А.Ф. // 10.3-352Б Практический курс английского языка (Пр. 8-17 нед., 20 ч.), Шакирова Д.Ш. | IC22: 10.3-651Б Практический курс английского языка (Пр. 1-4 нед., 8 ч.), Самаркина Н.О. // 10.3-352А Практический курс английского языка (Пр. 8-17 нед., 20 ч.), Гарифуллин А.Ф. | IU22: 10.3-621Б Коммуникативный практикум (Пр. 1-17 нед., 34 ч.), Некрасова И.Д. | JM22: 10.3-621А Практическая грамматика Пр., Залялова Р.Р. (2-17 нед) , ауд. 314 | KE22: 455, Валиахметова (10 нед.) / 461, Валиахметова (12 нед.) | KW22: 10.3-552А Практический курс русского языка (Пр. 1-17 нед., 34 ч.), Каипова Р.Р. | LO22: 10.3-552Б Практический курс английского языка (Пр. 1-17 нед., 34 ч.), Измайлова Г.А. | MG22: 10.3-631 Фонетика (Л. 1-9 нед., 18 ч.), Мардиева Л.А. // 10.3-332 ДВ Жанр рассказа в русской литературе Серебряного века (Пр. 10-15 нед.), Бреева Т.Н. | MY22: 10.3-332 ДВ История русского театра и драматургии конца XIX - начала ХХ веков (Л. 1-5 нед., 10 ч., Пр. 10-17 нед., 16 ч.), Сорокина Т.В. | NQ22: 10.3-332 ДВ Жанр рассказа в русской литературе Серебряного века (Л. 1-5 нед., 10 ч.), Бреева Т.Н. // 10.3-651 Фонетика, орфоэпия русского языка (Пр. 9-17 нед., 18 ч.), Тимуршина Д.И. | OI22: 10.3-352 Теория и методика обучения английскому языку (Пр. 1-7 нед., 14 ч.), Литвиненко Е.В. - 3 нед перенос | PA22: 10.3-631 Основы российской государственности (Пр. 16-17 нед., 2 ч.), Тихонов О.В., | QK22: 3 курс, поток, Корнеева ТА (6 нед.)
T23: 18 | U23: 1 | AI23: 15 | AJ23: 16 | AK23: 17 | AL23: 18 | AM23: 1 | AN23: 2 | AO23: 3 | AQ23: 5 | AR23: 6 | AS23: 7 | AT23: 8 | AV23: 10 | AX23: 12 | AY23: 13 | AZ23: 14 | BA23: 15 | BB23: 16 | BD23: 18 | BE23: 1 | BO23: 11 | BP23: 12 | BQ23: 13 | BS23: 15 | BT23: 16 | BU23: 17 | BV23: 18 | CF23: 10 | CH23: 12 | CL23: 16 | CM23: 17 | CN23: 18 | DF23: 18 | DX23: 18 | EP23: 18 | FH23: 18 | FI23: 1 | FJ23: 2 | FK23: 3 | FZ23: 18 | GR23: 18 | HE23: 13 | HF23: 14 | HG23: 15 | HH23: 16 | HI23: 17 | HJ23: 18 | HP23: 6 | HQ23: 7 | IB23: 18 | IG23: 5 | IH23: 6 | II23: 7 | IT23: 18 | JL23: 18 | JM23: 1 | KD23: 18 | KE23: 1 | KF23: 2 | KG23: 3 | KH23: 4 | KI23: 5 | KJ23: 6 | KK23: 7 | KL23: 8 | KM23: 9 | KO23: 11 | KQ23: 13 | KR23: 14 | KS23: 15 | KT23: 16 | KU23: 17 | KV23: 18 | LN23: 18 | MF23: 18 | MV23: 16 | MW23: 17 | MX23: 18 | ND23: 6 | NE23: 7 | NF23: 8 | NG23: 9 | NP23: 18 | NV23: 6 | NW23: 7 | NX23: 8 | OH23: 18 | OK23: 3 | OP23: 8 | OQ23: 9 | OR23: 10 | OS23: 11 | OT23: 12 | OU23: 13 | OV23: 14 | OW23: 15 | OX23: 16 | OY23: 17 | OZ23: 18 | PA23: 1 | PB23: 2 | PC23: 3 | PD23: 4 | PE23: 5 | PF23: 6 | PG23: 7 | PH23: 8 | PI23: 9 | PJ23: 10 | PK23: 11 | PL23: 12 | PM23: 13 | PN23: 14 | PO23: 15 | PR23: 18 | PS23: 1 | PT23: 2 | PU23: 3 | PV23: 4 | PW23: 5 | PX23: 6 | PY23: 7 | PZ23: 8 | QA23: 9 | QB23: 10 | QC23: 11 | QD23: 12 | QE23: 13 | QF23: 14 | QG23: 15 | QH23: 16 | QI23: 17 | QJ23: 18 | QK23: 1 | QL23: 2 | QM23: 3 | QN23: 4 | QO23: 5 | QQ23: 7 | QR23: 8 | QS23: 9 | QT23: 10 | QU23: 11 | QV23: 12 | QW23: 13 | QX23: 14 | QY23: 15 | QZ23: 16 | RA23: 17 | RB23: 18 | RC23: 1 | RD23: 2 | RE23: 3 | RF23: 4 | RG23: 5 | RH23: 6 | RI23: 7 | RJ23: 8 | RK23: 9 | RL23: 10 | RM23: 11 | RN23: 12 | RO23: 13 | RP23: 14 | RQ23: 15 | RR23: 16 | RS23: 17 | RT23: 18 | RU23: 1 | RV23: 2 | RW23: 3 | RX23: 4 | RY23: 5 | RZ23: 6 | SA23: 7 | SB23: 8 | SC23: 9 | SD23: 10 | SE23: 11 | SF23: 12 | SG23: 13 | SH23: 14 | SI23: 15 | SJ23: 16 | SK23: 17 | SL23: 18 | SM23: 1 | SN23: 2 | SO23: 3 | SP23: 4 | SQ23: 5 | SR23: 6 | SS23: 7 | ST23: 8 | SU23: 9 | SV23: 10 | SW23: 11 | SX23: 12 | SY23: 13 | SZ23: 14 | TA23: 15 | TB23: 16 | TC23: 17 | TD23: 18 | TE23: 1 | TF23: 2 | TG23: 3 | TH23: 4 | TI23: 5 | TJ23: 6 | TK23: 7 | TL23: 8 | TM23: 9 | TN23: 10 | TO23: 11 | TP23: 12 | TQ23: 13 | TR23: 14 | TS23: 15 | TT23: 16 | TU23: 17 | TV23: 18 | TW23: 1 | TX23: 2 | TY23: 3 | TZ23: 4 | UA23: 5 | UB23: 6 | UC23: 7 | UD23: 8 | UE23: 9 | UF23: 10 | UG23: 11 | UH23: 12 | UI23: 13 | UJ23: 14 | UK23: 15 | UL23: 16 | UM23: 17 | UN23: 18 | UO23: 1 | UP23: 2 | UQ23: 3 | UR23: 4 | US23: 5 | UT23: 6 | UU23: 7 | UV23: 8 | UW23: 9 | UX23: 10 | UY23: 11 | UZ23: 12 | VA23: 13 | VB23: 14 | VC23: 15 | VD23: 16 | VE23: 17 | VF23: 18 | VG23: 1 | VH23: 2 | VI23: 3 | VJ23: 4 | VK23: 5 | VL23: 6 | VM23: 7 | VN23: 8 | VO23: 9 | VP23: 10 | VQ23: 11 | VR23: 12 | VS23: 13 | VT23: 14 | VU23: 15 | VV23: 16 | VW23: 17 | VX23: 18 | VY23: 1 | VZ23: 2 | WA23: 3 | WB23: 4 | WC23: 5 | WD23: 6 | WE23: 7 | WF23: 8 | WG23: 9 | WH23: 10 | WI23: 11 | WJ23: 12 | WK23: 13 | WL23: 14 | WM23: 15 | WN23: 16 | WO23: 17 | WP23: 18 | WQ23: 1 | WR23: 2 | WS23: 3 | WT23: 4 | WU23: 5 | WV23: 6 | WW23: 7 | WX23: 8 | WY23: 9 | WZ23: 10 | XA23: 11 | XB23: 12 | XC23: 13 | XD23: 14 | XE23: 15 | XF23: 16 | XG23: 17 | XH23: 18 | XI23: 1 | XJ23: 2 | XK23: 3 | XL23: 4 | XM23: 5 | XN23: 6 | XO23: 7 | XP23: 8 | XQ23: 9 | XR23: 10 | XS23: 11 | XT23: 12 | XU23: 13 | XV23: 14 | XW23: 15 | XX23: 16 | XY23: 17 | XZ23: 18 | YA23: 1 | YB23: 2 | YC23: 3 | YD23: 4 | YE23: 5 | YF23: 6 | YG23: 7 | YH23: 8 | YI23: 9 | YJ23: 10 | YK23: 11 | YL23: 12 | YM23: 13 | YN23: 14 | YO23: 15 | YP23: 16 | YQ23: 17 | YR23: 18 | YS23: 1 | YT23: 2 | YU23: 3 | YV23: 4 | YW23: 5 | YX23: 6 | YY23: 7 | YZ23: 8 | ZA23: 9 | ZB23: 10 | ZC23: 11 | ZD23: 12 | ZE23: 13 | ZF23: 14 | ZG23: 15 | ZH23: 16 | ZI23: 17 | ZJ23: 18 | ZK23: 1 | ZL23: 2 | ZM23: 3 | ZN23: 4 | ZO23: 5 | ZP23: 6 | ZQ23: 7 | ZR23: 8 | ZS23: 9 | ZT23: 10 | ZU23: 11 | ZV23: 12 | ZW23: 13 | ZX23: 14 | ZY23: 15 | ZZ23: 16 | AAA23: 17 | AAB23: 18 | AAC23: 1 | AAD23: 2 | AAE23: 3 | AAF23: 4 | AAG23: 5 | AAH23: 6 | AAI23: 7 | AAJ23: 8 | AAK23: 9 | AAL23: 10 | AAM23: 11 | AAN23: 12 | AAO23: 13 | AAP23: 14 | AAQ23: 15 | AAR23: 16 | AAS23: 17 | AAT23: 18 | AAU23: 1 | AAV23: 2 | AAW23: 3 | AAX23: 4 | AAY23: 5 | AAZ23: 6 | ABA23: 7 | ABB23: 8 | ABC23: 9 | ABD23: 10 | ABE23: 11 | ABF23: 12 | ABG23: 13 | ABH23: 14 | ABI23: 15 | ABJ23: 16 | ABK23: 17 | ABL23: 18 | ABM23: 1 | ABN23: 2 | ABO23: 3 | ABP23: 4 | ABQ23: 5 | ABR23: 6 | ABS23: 7 | ABT23: 8 | ABU23: 9 | ABV23: 10 | ABW23: 11 | ABX23: 12 | ABY23: 13 | ABZ23: 14 | ACA23: 15 | ACB23: 16 | ACC23: 17 | ACD23: 18 | ACE23: 1 | ACF23: 2 | ACG23: 3 | ACH23: 4 | ACI23: 5 | ACJ23: 6 | ACK23: 7 | ACL23: 8 | ACM23: 9 | ACN23: 10 | ACO23: 11 | ACP23: 12 | ACQ23: 13 | ACR23: 14 | ACS23: 15 | ACT23: 16 | ACU23: 17 | ACV23: 18 | ACW23: 1 | ACX23: 2 | ACY23: 3 | ACZ23: 4 | ADA23: 5 | ADB23: 6 | ADC23: 7 | ADD23: 8 | ADE23: 9 | ADF23: 10 | ADG23: 11 | ADH23: 12 | ADI23: 13 | ADJ23: 14 | ADK23: 15 | ADL23: 16 | ADM23: 17 | ADN23: 18 | ADO23: 1 | ADP23: 2 | ADQ23: 3 | ADR23: 4 | ADS23: 5 | ADT23: 6 | ADU23: 7 | ADV23: 8 | ADW23: 9 | ADX23: 10 | ADY23: 11 | ADZ23: 12 | AEA23: 13 | AEB23: 14 | AEC23: 15 | AED23: 16 | AEE23: 17 | AEF23: 18 | AEG23: 1 | AEH23: 2 | AEI23: 3 | AEJ23: 4 | AEK23: 5 | AEL23: 6 | AEM23: 7 | AEN23: 8 | AEO23: 9 | AEP23: 10 | AEQ23: 11 | AER23: 12 | AES23: 13 | AET23: 14 | AEU23: 15 | AEV23: 16 | AEW23: 17 | AEX23: 18 | AEY23: 1 | AEZ23: 2 | AFA23: 3 | AFB23: 4 | AFC23: 5 | AFD23: 6 | AFE23: 7 | AFF23: 8 | AFG23: 9 | AFH23: 10 | AFI23: 11 | AFJ23: 12 | AFK23: 13 | AFL23: 14 | AFM23: 15 | AFN23: 16 | AFO23: 17 | AFP23: 18 | AFQ23: 1 | AFR23: 2 | AFS23: 3 | AFT23: 4 | AFU23: 5 | AFV23: 6 | AFW23: 7 | AFX23: 8 | AFY23: 9 | AFZ23: 10 | AGA23: 11 | AGB23: 12 | AGC23: 13 | AGD23: 14 | AGE23: 15 | AGF23: 16 | AGG23: 17 | AGH23: 18
B24: 0.42361111 | C24: 10.3-332 ДВ Технология комплексной работы с текстом (Л. 1-4 нед., 8 ч., Пр. 5, 10-13 нед., 10 ч.), Насрутдинова Л.Х. // 10.3-332 ДВ Жанр рассказа в русской литературе Серебряного века (Пр. 14-16 нед., 6 ч.), Бреева Т.Н. // 10.3-332 ДВ Дискуссионные проблемы словообразования русского языка (Пр. 17 нед., 2 ч.), Щуклина Т.Ю. | U24: 10.3-455 Социокультурные ценности в образовании (Пр. 1-9 нед., 18 ч.), Овчинников А.А. // 10.3-455 Морфология русского языка (Пр. 10-17 нед., 16 ч.), Казанцева А.М., | AM24: 445, Мингазова АМ // 445, Чупрякова ОА (5 нед.) // 10.3-472 Феномен массовой литературы, Пр. 2 ч., Бреева Т.Н. (9 нед.) // 10.3-472, Скворцов АЭ (11 нед.) // 10.3-561 Историческая фонетика и грамматика русского языка (Пр. 13-17 нед., 10 ч.), Карасева А.И. | BE24: 10.3-641 Общие основы педагогики (Пр. 2-10 нед., 18 ч.), Фахрутдинова Р.А. // 10.3-552 ФТД Комментированное чтение на английском языке (Пр. 1, 11-17 нед., 16 ч.), Мифтахова Л.Б. | BW24: 10.3-446 Морфология русского языка (Пр. 1-9 нед., 18 ч.), Казанцева А.М. // 10.3-621А Практическая грамматика (Пр. 10 нед., 2 ч.), Залялова Р.Р. // 10.3-562 Практика по профилю подготовки (в области литературы) ( Пр. 11-17 нед., 14 ч.), Мифтахова З.Э. | CO24: 10.3-523Б Практическая грамматика Пр., Закиров Р.Д. (1-9 нед., 18 ч.), ауд. 252а \\ 10.3-332 ДВ Редакторская подготовка изданий (Пр. 10-13 нед., 8 ч.), Нагуманова Э.Ф. \\ 10.3-523Б Практическая грамматика Пр., Закиров Р.Д. (14-17 нед., 8 ч.), ауд. 252а | DG24: 10.3-661А Иностранный язык (Пр. 1-17 нед., 34 ч.), Бинкова Г.Р. | DY24: 10.3-521А Иностранный язык Пр., Имамбердыева С. (2-17 нед., 32 ч.), ауд. 302 | EQ24: 10.3-522А Иностранный язык Пр., Юзекаева Ю.Р. (1-3 нед., 6 ч.), ауд. 303 // 10.3-622 Иностранный язык Пр., Алексеева Л.И. (11-17 нед., 14 ч.) | FI24: 10.3-552 ФТД Комментированное чтение на английском языке (Пр. 2-10 нед., 18 ч.), Мифтахова Л.Б. // 10.3-652 Практика по профилю подготовки (в области английского языка) (Пр. 1, 11-17 нед., 34 ч.), Измайлова Г.А. | GA24: 10.3-523А Коммуникативный практикум Пр., Салахиева Л.И. (1-17 нед., 34 ч.), ауд. 305 | GS24: 10.3-531 Словообразование (Пр. 1-13 нед., 26 ч.), Щуклина Т.Ю. // 10.3-621А практическая грамматика (Пр. 14-17 нед., 8 ч.), Залялова Р.Р. | HK24: Талипова, 10.2-511А (3-8нед.) // 451, Гусманова (9 нед.) // 10.3-352Б Практический курс английского языка (Пр. 10-17 нед., 16 ч.), Шакирова Д.Ш. | IC24: 10.3-651 Практика по профилю подготовки (в области английского языка) (Пр. 1-9 нед., 18 ч.), Хакимуллина Д.Ф. // 10.3-352А Практический курс английского языка (Пр. 10-17 нед., 16 ч.), Гарифуллин А.Ф. | IU24: 10.3-621Б Коммуникативный практикум (Пр. 1-17 нед., 34 ч.), Некрасова И.Д. | JM24: 10.3-621А Практическая грамматика (Пр. 2-9 нед., 16 ч.), Залялова Р.Р. \\ 10.3-651 Практика по профилю подготовки (в области английского языка) (Пр. 10-17 нед., 16 ч.), Хакимуллина Д.Ф. | KE24: 10.3-561, 10.3-562 Зарубежная литература XVII-XVIII веков (Л. 1-4 нед., 8 ч.), Зиннатуллина З.Р. // 10.3-561 Зарубежная литература XVII-XVIII веков (Пр. 5-7, 10-12 нед., 12 ч.), Зиннатуллина З.Р. // // 10.3-561, 10.3-562 Методы психолого-педагогической диагностики и анализа данных (Пр. 8-9 нед., 4 ч.), Ганиева А.М. | KW24: 10.3-522Б Коммуникативный практикум Пр., Хабибрахманова А.Р. (1-17 нед., 34 ч.), ауд. 322 | LO24: 10.3-521Б Иностранный язык Пр., Мамаева Е.Е. (1-17 нед., 34 ч.), ауд. 323 | MG24: 10.3-551 Практический курс русского языка (Пр. 1-17 нед., 34 ч.), Каипова Р.Р. | MY24: 10.3-441 История русской литературы (Л. 1-11 нед., 22 ч., Пр. 12-17 нед., 12 ч.), Сорокина Т.В. | NQ24: 10.3-332 ДВ Редакторская подготовка изданий (Л. 1-4 нед., 8 ч., Пр. 5 нед., 2 ч.), Нагуманова Э.Ф. // 10.3-553 Русский язык и культура речи (Пр. 9-17 нед., 18 ч.), Тимуршина Д.И. | OI24: 10.3-653 Практика по профилю подготовки (в области русского языка) (Пр. 1-17 нед., 34 ч.), Латыпова И.А. | PA24: 10.3-631 Основы российской государственности (Пр. 2-17 нед., 32 ч.), Тихонов О.В. | PS24: 10.3-452А Практический курс английского языка (Пр. 1-17 нед., 34 ч.), Бикмуллина Э.Р. | QK24: 10.3-652 Практика по профилю подготовки (в области английского языка) (Пр. 2-10 нед., 18 ч.), Измайлова Г.А. // 10.3-354А Практический курс русского языка (Пр. 11-17 нед., 14 ч.), Гусманова Д.Ш. | SM24: 10.3-251, 10.3-252, 10.3-253, 10.3-254, 10.3-255, 10.3-256 Лингвострановедение (английский язык) (Л. 1-4 нед., 8 ч.), Туганова С.В., ауд. 249(2) ДОТ: https://telemost.yandex.ru/j/77819180497511 | TW24: 10.3-341, 10.3-342, 10.3-343, 10.3-344, 10.3-351, 10.3-352, 10.3-353, 10.3-354, 10.3-361, 10.3-362 Финансово-экономический практикум (Л. 1-9 нед., 18 ч.), Игнатьева О.А., ауд. 249(2) ДОТ: https://telemost.360.yandex.ru/j/0558804670 | AAC24: 10.3-622 Информатика (Лаб. 2-10 нед., 18 ч.), Фазлиахметов Т.Р., ауд. 330
H25: 6 | I25: 7 | J25: 8 | K25: 9 | T25: 18 | AL25: 18 | AM25: 1 | AN25: 2 | AO25: 3 | AR25: 6 | AS25: 7 | AT25: 8 | AV25: 10 | AX25: 12 | BD25: 18 | BV25: 18 | CF25: 10 | CN25: 18 | DF25: 18 | DX25: 18 | DY25: 1 | EP25: 18 | ET25: 4 | EU25: 5 | EV25: 6 | EW25: 7 | EX25: 8 | EY25: 9 | EZ25: 10 | FH25: 18 | FZ25: 18 | GR25: 18 | HJ25: 18 | HK25: 1 | HL25: 2 | IB25: 18 | IT25: 18 | JL25: 18 | JM25: 1 | KD25: 18 | KV25: 18 | LN25: 18 | MF25: 18 | MX25: 18 | NP25: 18 | NV25: 6 | NW25: 7 | NX25: 8 | OH25: 18 | OZ25: 18 | PA25: 1 | PR25: 18 | QJ25: 18 | RB25: 18 | RC25: 1 | RD25: 2 | RE25: 3 | RF25: 4 | RG25: 5 | RH25: 6 | RI25: 7 | RJ25: 8 | RK25: 9 | RL25: 10 | RM25: 11 | RN25: 12 | RO25: 13 | RP25: 14 | RQ25: 15 | RR25: 16 | RS25: 17 | RT25: 18 | RU25: 1 | RV25: 2 | RW25: 3 | RX25: 4 | RY25: 5 | RZ25: 6 | SA25: 7 | SB25: 8 | SC25: 9 | SD25: 10 | SE25: 11 | SF25: 12 | SG25: 13 | SH25: 14 | SI25: 15 | SJ25: 16 | SK25: 17 | SL25: 18 | SM25: 1 | SN25: 2 | SO25: 3 | SP25: 4 | SQ25: 5 | SR25: 6 | SS25: 7 | ST25: 8 | SU25: 9 | SV25: 10 | SW25: 11 | SX25: 12 | SY25: 13 | SZ25: 14 | TA25: 15 | TB25: 16 | TC25: 17 | TD25: 18 | TE25: 1 | TF25: 2 | TG25: 3 | TH25: 4 | TI25: 5 | TJ25: 6 | TK25: 7 | TL25: 8 | TM25: 9 | TN25: 10 | TO25: 11 | TP25: 12 | TQ25: 13 | TR25: 14 | TS25: 15 | TT25: 16 | TU25: 17 | TV25: 18 | TW25: 1 | TX25: 2 | TY25: 3 | TZ25: 4 | UA25: 5 | UB25: 6 | UC25: 7 | UD25: 8 | UE25: 9 | UF25: 10 | UG25: 11 | UH25: 12 | UI25: 13 | UJ25: 14 | UK25: 15 | UL25: 16 | UM25: 17 | UN25: 18 | UO25: 1 | UP25: 2 | UQ25: 3 | UR25: 4 | US25: 5 | UT25: 6 | UU25: 7 | UV25: 8 | UW25: 9 | UX25: 10 | UY25: 11 | UZ25: 12 | VA25: 13 | VB25: 14 | VC25: 15 | VD25: 16 | VE25: 17 | VF25: 18 | VG25: 1 | VH25: 2 | VI25: 3 | VJ25: 4 | VK25: 5 | VL25: 6 | VM25: 7 | VN25: 8 | VO25: 9 | VP25: 10 | VQ25: 11 | VR25: 12 | VS25: 13 | VT25: 14 | VU25: 15 | VV25: 16 | VW25: 17 | VX25: 18 | VY25: 1 | VZ25: 2 | WA25: 3 | WB25: 4 | WC25: 5 | WD25: 6 | WE25: 7 | WF25: 8 | WG25: 9 | WH25: 10 | WI25: 11 | WJ25: 12 | WK25: 13 | WL25: 14 | WM25: 15 | WN25: 16 | WO25: 17 | WP25: 18 | WQ25: 1 | WR25: 2 | WS25: 3 | WT25: 4 | WU25: 5 | WV25: 6 | WW25: 7 | WX25: 8 | WY25: 9 | WZ25: 10 | XA25: 11 | XB25: 12 | XC25: 13 | XD25: 14 | XE25: 15 | XF25: 16 | XG25: 17 | XH25: 18 | XI25: 1 | XJ25: 2 | XK25: 3 | XL25: 4 | XM25: 5 | XN25: 6 | XO25: 7 | XP25: 8 | XQ25: 9 | XR25: 10 | XS25: 11 | XT25: 12 | XU25: 13 | XV25: 14 | XW25: 15 | XX25: 16 | XY25: 17 | XZ25: 18 | YA25: 1 | YB25: 2 | YC25: 3 | YD25: 4 | YE25: 5 | YF25: 6 | YG25: 7 | YH25: 8 | YI25: 9 | YJ25: 10 | YK25: 11 | YL25: 12 | YM25: 13 | YN25: 14 | YO25: 15 | YP25: 16 | YQ25: 17 | YR25: 18 | YS25: 1 | YT25: 2 | YU25: 3 | YV25: 4 | YW25: 5 | YX25: 6 | YY25: 7 | YZ25: 8 | ZA25: 9 | ZB25: 10 | ZC25: 11 | ZD25: 12 | ZE25: 13 | ZF25: 14 | ZG25: 15 | ZH25: 16 | ZI25: 17 | ZJ25: 18 | ZK25: 1 | ZL25: 2 | ZM25: 3 | ZN25: 4 | ZO25: 5 | ZP25: 6 | ZQ25: 7 | ZR25: 8 | ZS25: 9 | ZT25: 10 | ZU25: 11 | ZV25: 12 | ZW25: 13 | ZX25: 14 | ZY25: 15 | ZZ25: 16 | AAA25: 17 | AAB25: 18 | AAC25: 1 | AAD25: 2 | AAE25: 3 | AAF25: 4 | AAG25: 5 | AAH25: 6 | AAI25: 7 | AAJ25: 8 | AAK25: 9 | AAL25: 10 | AAM25: 11 | AAN25: 12 | AAO25: 13 | AAP25: 14 | AAQ25: 15 | AAR25: 16 | AAS25: 17 | AAT25: 18 | AAU25: 1 | AAV25: 2 | AAW25: 3 | AAX25: 4 | AAY25: 5 | AAZ25: 6 | ABA25: 7 | ABB25: 8 | ABC25: 9 | ABD25: 10 | ABE25: 11 | ABF25: 12 | ABG25: 13 | ABH25: 14 | ABI25: 15 | ABJ25: 16 | ABK25: 17 | ABL25: 18 | ABM25: 1 | ABN25: 2 | ABO25: 3 | ABP25: 4 | ABQ25: 5 | ABR25: 6 | ABS25: 7 | ABT25: 8 | ABU25: 9 | ABV25: 10 | ABW25: 11 | ABX25: 12 | ABY25: 13 | ABZ25: 14 | ACA25: 15 | ACB25: 16 | ACC25: 17 | ACD25: 18 | ACE25: 1 | ACF25: 2 | ACG25: 3 | ACH25: 4 | ACI25: 5 | ACJ25: 6 | ACK25: 7 | ACL25: 8 | ACM25: 9 | ACN25: 10 | ACO25: 11 | ACP25: 12 | ACQ25: 13 | ACR25: 14 | ACS25: 15 | ACT25: 16 | ACU25: 17 | ACV25: 18 | ACW25: 1 | ACX25: 2 | ACY25: 3 | ACZ25: 4 | ADA25: 5 | ADB25: 6 | ADC25: 7 | ADD25: 8 | ADE25: 9 | ADF25: 10 | ADG25: 11 | ADH25: 12 | ADI25: 13 | ADJ25: 14 | ADK25: 15 | ADL25: 16 | ADM25: 17 | ADN25: 18 | ADO25: 1 | ADP25: 2 | ADQ25: 3 | ADR25: 4 | ADS25: 5 | ADT25: 6 | ADU25: 7 | ADV25: 8 | ADW25: 9 | ADX25: 10 | ADY25: 11 | ADZ25: 12 | AEA25: 13 | AEB25: 14 | AEC25: 15 | AED25: 16 | AEE25: 17 | AEF25: 18 | AEG25: 1 | AEH25: 2 | AEI25: 3 | AEJ25: 4 | AEK25: 5 | AEL25: 6 | AEM25: 7 | AEN25: 8 | AEO25: 9 | AEP25: 10 | AEQ25: 11 | AER25: 12 | AES25: 13 | AET25: 14 | AEU25: 15 | AEV25: 16 | AEW25: 17 | AEX25: 18 | AEY25: 1 | AEZ25: 2 | AFA25: 3 | AFB25: 4 | AFC25: 5 | AFD25: 6 | AFE25: 7 | AFF25: 8 | AFG25: 9 | AFH25: 10 | AFI25: 11 | AFJ25: 12 | AFK25: 13 | AFL25: 14 | AFM25: 15 | AFN25: 16 | AFO25: 17 | AFP25: 18 | AFQ25: 1 | AFR25: 2 | AFS25: 3 | AFT25: 4 | AFU25: 5 | AFV25: 6 | AFW25: 7 | AFX25: 8 | AFY25: 9 | AFZ25: 10 | AGA25: 11 | AGB25: 12 | AGC25: 13 | AGD25: 14 | AGE25: 15 | AGF25: 16 | AGG25: 17 | AGH25: 18
B26: 0.50694444 | C26: 10.3-354 История русского литературного языка (Пр. 1-5 нед., 10 ч.), Карасева А.И. // 10.3-251 Знаковые имена русской литературы (Пр. 6-9 нед., 8 ч.), Котомцев Д.О. // 10.3-561 Практика по профилю подготовки (в области литературы) ( Пр. 10-17 нед., 16 ч.), Мифтахова З.Э. | U26: 10.3-445 Социокультурные ценности в образовании (Пр. 1-9 нед., 18 ч.), Овчинников А.А. // 10.3-452 Социокультурные ценности в образовании (Пр. 10-17 нед., 16 ч.), Овчинников А.А. | AM26: 10.3-531 История русской художественной культуры (Л. 1-9 нед., 18 ч.), Насрутдинова Л.Х. // 10.3-541 Историческая фонетика и грамматика русского языка (Пр. 10-17 нед., 16 ч.), Ерофеева И.В | BE26: 10.3-451 Коррекционная психология и педагогика (Пр. 1-9 нед., 18 ч.), Мингазова А.М. // 10.3-552 Практика по профилю подготовки (в области английского языка) (Пр. 10-17 нед., 16 ч.), Мифтахова Л.Б. | BW26: 10.3-446 Практическая подготовка по профилю (Пр. 1-9 нед., 18 ч.), Каипова Р.Р. // 10.3-553 Историческая фонетика и грамматика русского языка (Пр. 10-17 нед., 16 ч.), Карасева А.И. // | CO26: 10.3-452А Практический курс английского языка (Пр. 1-9 нед., 18 ч.), Бикмуллина Э.Р. // 10.3-455 Практический курс китайского языка (Пр. 10-17 нед., 16 ч.), Цзянаэргули Мухамайтихалиму | DG26: 10.3-455 Практический курс китайского языка (Пр. 1-9 нед., 18 ч.), Цзянаэргули Мухамайтихалиму // 10.3-562 Зарубежная литература XVII-XVIII веков (Пр. 10-15 нед., 12 ч.), Зиннатуллина З.Р. // 10.3-445 Практическая подготовка по профилю (Пр. 16 нед., 2 ч.), Каипова Р.Р. \\ 10.3-521А Практикум по письму Пр., Хасанова Р.И. (17 нед., 2 ч.), ауд. 301 | DY26: 10.3-332 ДВ Дискуссионные проблемы словообразования русского языка (Л. 1-5 нед., 10 ч., Пр. 10-17 нед., 16 ч.), Щуклина Т.Ю. // 10.3-361, 10.3-362 ДВ Выразительное чтение (Л. 6-8 нед., 6 ч.), Махинина Н.Г. // 10.3-354 История русского литературного языка (Пр. 9 нед., 2 ч.), Карасева А.И. | EQ26: 10.3-522А Коммуникативный практикум Пр., Некрасова И.Д. (1-6 нед., 12 ч.), ауд. 303 \\ 10.3-522А Практическая грамматика Пр., Хабибрахманова А.Р. (7-17 нед., 22 ч.), ауд. 302 | FI26: 10.3-351 Синтетическое чтение на английском языке (Пр. 1-4 нед., 8 ч.), Хакимуллина Д.Ф. // 10.3-653 Практика по профилю подготовки (в области английского языка) (Пр. 1-17 нед., 34 ч.), Измайлова Г.А. - (1-4 нед.) - ауд. 249(2) | GA26: 10.3-522Б Иностранный язык Пр., Мамаева Е.Е. (1-17 нед., 34 ч.), ауд. 305 | GS26: 10.3-521А Безопасность жизнедеятельности (Лаб. 1-5 нед., 10 ч.), Дикопольская Н.Б. // 10.3-521Б Безопасность жизнедеятельности (Лаб. 6-10 нед., 10 ч.), Дикопольская Н.Б. // 10.3-531 История русской художественной культуры (Л. 11-13 нед., 6 ч.), Насрутдинова Л.Х. \\ 10.3-523Б Коммуникативный практикум Пр., Таланова К.О. (14-17 нед., 8 ч.), ауд. 306 | HK26: 10.3-523 Русский язык и культура речи Пр., Ахметзянова Л.М. (1-12 нед., 24 ч.), ауд. 307 \\ 10.3-322 ДВ Язык средств массовой информации (английский язык) Пр., Алексеева Л.И. (13-14 нед., 4 ч.), ауд. 307 \\ 10.3-251 Знаковые имена русской литературы (Пр. 15-17 нед., 6 ч.), Котомцев Д.О. | IC26: 10.3-323 Современные направления в лингвистике Пр., Хайрутдинова А.М. (1-2 нед., 4 ч.), ауд. 308 \\ 10.3-323 Практическая грамматика Пр., Хасанова Р.И. (3-11 нед., 18 ч.), ауд. 308 \\ 10.3-352 Синтетическое чтение на английском языке (Пр. 12-16 нед., 10 ч.), Гарифуллин А.Ф. | IU26: 10.3-352 ФТД Формирование языковой личности школьника на уроках русского языка (Пр. 1-5, 8 нед., 12 ч.), Ижбаева Г.Р. // 10.3-351 ФТД Формирование языковой личности школьника на уроках русского языка (Пр. 6, 9-11, 15-17 нед., 14 ч.), Ижбаева Г.Р. // // 10.3-354 ФТД Формирование языковой личности школьника на уроках русского языка (Пр. 7 нед., 2 ч.), Ижбаева Г.Р. // 10.3-351 Синтетическое чтение на английском языке (Пр. 12-14 нед., 6 ч.), Хакимуллина Д.Ф. | JM26: 10.3-322 Практикум по культуре речевого общения Пр., Языкова А.Ю. (1-3 нед., 6 ч.), ауд. 314 \\ 10.3- 322 Практическая грамматика Пр., Хабибрахманова А.Р. (4-6 нед., 6 ч.), ауд. 314 // 10.3-351 Синтетическое чтение на английском языке (Пр. 7-8 нед., 4 ч.), Хакимуллина Д.Ф. // // 10.3-353 Синтетическое чтение на английском языке (Пр. 9 нед., 2 ч.), Гарифуллин А.Ф. \\ 10.3-322 Филологический анализ текста Пр., Хайрутдинова А.М. (10-12 нед., 6 ч.), ауд. 314 \\ \\ 10.3-322 Зарубежная литература Пр., Зиннатуллина З.Р. (16-17 нед., 4 ч.), ауд. 314//10.3-502 Деловой иностранный язык (пр. 13-15 нед., 6 ч.) Калинина Г.С. | KE26: 10.3-441 Морфология русского языка (Пр. 1-10, 16-17 нед., 24 ч.), Гусманова Д.Ш. // 10.3-521 Безопасность жизнедеятельности (Пр. 11-15 нед., 10 ч.), Дикопольская Н.Б., ауд. 318 | KW26: 10.3-353Б Практический курс английского языка (Пр. 1-4, 10-17 нед., 24 ч.), Халиуллина С.А.//10.3-502 Деловой иностранный язык (пр. 5-9 нед., 10 ч.) Калинина Г.С. | LO26: 10.3-353А Основы речевой англоязычной компетенции (Пр. 1-8 нед., 16 ч.), Шейнина Д.П. (Мифтахова Л.Б.) // 10.3-472 ФТД Академическая коммуникация, Пр. 2 ч., Амурская О.Ю. (9 нед.) // 10.3-354Б Иностранный язык в профессиональной коммуникации (Пр. 10-17 нед., 18 ч.), Исмагилова Г.К. | MG26: 10.3-461, 10.3-462 Научно-исследовательская работа (получение первичных навыков научно-исследовательской работа) (русский язык) (Пр. 1-17 нед., 34 ч.), Фахрутдинова М.Т. | MY26: 10.3-461, 10.3-462 Научно-исследовательская работа (получение первичных навыков научно-исследовательской работа) (литература) (Пр. 1-17 нед., 34 ч.), Сорокина Т.В. | NQ26: 10.3-342 Текстоориентированный подход в обучении русскому языку (Пр. 1-5 нед., 10 ч.), Гимадиева Э.Н. // 10.3-342 Организация внеурочной деятельности по русскому языку (Пр. 6-9 нед., 8 ч.), Абдуллина И.И. // 10.3-551 Русский язык и культура речи (Пр. 10-17 нед., 16 ч.), Тимуршина Д.И. | OI26: 10.3-651 Практика по профилю подготовки (в области русского языка) (Пр. 1-17 нед., 34 ч.), Латыпова И.А. | PA26: 10.3-661 Основы российской государственности (Пр. 2-17 нед., 32 ч.), Тихонов О.В. | PS26: 10.3-631 Древнерусская литература (Л. 1-13 нед., 26 ч., Пр. 14-17 нед., 8 ч.), Нагуманова Э.Ф. | QK26: 10.3-541, 10.3-551, 10.3-552, 10.3-553, 10.3-561 Историческая фонетика и грамматика русского языка (Л. 1-9 нед., 18 ч.), Ерофеева И.В., ауд. 342/343 // 10.3-446 Практическая подготовка по профилю (Пр. 10 нед., 2 ч.), Каипова Р.Р. // 10.3-441 Морфология русского языка (Пр. 11-15 нед., 10 ч.), Гусманова Д.Ш. // 10.3-342 Организация внеурочной деятельности по русскому языку (Пр. 16 нед., 2 ч.), Абдуллина И.И. // 10.3-352 ДВ Язык делового общения (Пр. 17 нед., 2 ч.), Хакимуллина Д.Ф. | RC26: 10.3-641 12:00 Физическая культура и спорт (Л. 1-18 нед., 36 ч.), Бутлерова, 4 | TE26: 10.3-252 Лингвострановедение (английский язык) (Пр. 1-9 нед., 18 ч.), Туганова С.В., ауд. 249(2) ДОТ: https://telemost.yandex.ru/j/77819180497511 // 10.3-255 Лингвострановедение (английский язык) (Пр. 15-17 нед., 6 ч.), Туганова С.В., ауд. 249(2) ДОТ: https://telemost.yandex.ru/j/77819180497511 | TW26: 10.3-601 (Подгруппа А) Практическая грамматика русского языка (пр. 5-9 нед., 10 ч.) Залялова Р.Р., ссылка: https://kpfu.mts-link.ru/j/98728483/19815970775//(Подгруппа Б) Практическая грамматика русского языка (пр. 10-12 нед., 6 ч.) Залялова Р.Р., ссылка: https://kpfu.mts-link.ru/j/98728483/19815970775 | YS26: 10.3-521Б Безопасность жизнедеятельности (Лаб. 1-4 нед., 8 ч.), СЦ (ул. Карла Маркса, д. 74а) // 10.3-521А Безопасность жизнедеятельности (Лаб. 6-9 нед., 8 ч.), СЦ (ул. Карла Маркса, д. 74а) | ZK26: // 10.3-352 ДВ Язык делового общения (Пр. 11 нед., 2 ч.), Хакимуллина Д.Ф., ауд. 423 // 10.3-652 Общие основы педагогики (Пр. 2-10 нед., 18 ч.), Фахрутдинова Р.А., ауд. 421 (2-10н.) | ACW26: 10.3-621, 10.3-622 Информатика (Л. 2-10 нед., 18 ч.), Фазлиахметов Т.Р., ауд. 249(2) | ADO26: 10.3-621Б Практикум по чтению Пр., Салахиева Л.И. (11-16 нед., 12 ч.), ауд. 249(2) | AEG26: 10.3-472 Бекметов Р.Ф. (8, 10 нед.) // 10.3-472, Скворцов АЭ (11 нед.)
T27: 18 | AL27: 18 | BD27: 18 | BV27: 18 | CN27: 18 | DF27: 18 | DX27: 18 | EP27: 18 | FH27: 18 | FZ27: 18 | GR27: 18 | HJ27: 18 | IB27: 18 | IS27: 17 | IT27: 18 | JL27: 18 | KD27: 18 | KV27: 18 | LN27: 18 | MF27: 18 | MX27: 18 | NP27: 18 | OH27: 18 | OZ27: 18 | PA27: 1 | PR27: 18 | QJ27: 18 | QM27: 3 | RB27: 18 | RC27: 1 | RD27: 2 | RE27: 3 | RF27: 4 | RG27: 5 | RH27: 6 | RI27: 7 | RJ27: 8 | RK27: 9 | RL27: 10 | RM27: 11 | RN27: 12 | RO27: 13 | RP27: 14 | RQ27: 15 | RR27: 16 | RS27: 17 | RT27: 18 | RU27: 1 | RV27: 2 | RW27: 3 | RX27: 4 | RY27: 5 | RZ27: 6 | SA27: 7 | SB27: 8 | SC27: 9 | SD27: 10 | SE27: 11 | SF27: 12 | SG27: 13 | SH27: 14 | SI27: 15 | SJ27: 16 | SK27: 17 | SL27: 18 | SM27: 1 | SN27: 2 | SO27: 3 | SP27: 4 | SQ27: 5 | SR27: 6 | SS27: 7 | ST27: 8 | SU27: 9 | SV27: 10 | SW27: 11 | SX27: 12 | SY27: 13 | SZ27: 14 | TA27: 15 | TB27: 16 | TC27: 17 | TD27: 18 | TE27: 1 | TF27: 2 | TG27: 3 | TH27: 4 | TI27: 5 | TJ27: 6 | TK27: 7 | TL27: 8 | TM27: 9 | TN27: 10 | TO27: 11 | TP27: 12 | TQ27: 13 | TR27: 14 | TS27: 15 | TT27: 16 | TU27: 17 | TV27: 18 | TW27: 1 | TX27: 2 | TY27: 3 | TZ27: 4 | UA27: 5 | UB27: 6 | UC27: 7 | UD27: 8 | UE27: 9 | UF27: 10 | UG27: 11 | UH27: 12 | UI27: 13 | UJ27: 14 | UK27: 15 | UL27: 16 | UM27: 17 | UN27: 18 | UO27: 1 | UP27: 2 | UQ27: 3 | UR27: 4 | US27: 5 | UT27: 6 | UU27: 7 | UV27: 8 | UW27: 9 | UX27: 10 | UY27: 11 | UZ27: 12 | VA27: 13 | VB27: 14 | VC27: 15 | VD27: 16 | VE27: 17 | VF27: 18 | VG27: 1 | VH27: 2 | VI27: 3 | VJ27: 4 | VK27: 5 | VL27: 6 | VM27: 7 | VN27: 8 | VO27: 9 | VP27: 10 | VQ27: 11 | VR27: 12 | VS27: 13 | VT27: 14 | VU27: 15 | VV27: 16 | VW27: 17 | VX27: 18 | VY27: 1 | VZ27: 2 | WA27: 3 | WB27: 4 | WC27: 5 | WD27: 6 | WE27: 7 | WF27: 8 | WG27: 9 | WH27: 10 | WI27: 11 | WJ27: 12 | WK27: 13 | WL27: 14 | WM27: 15 | WN27: 16 | WO27: 17 | WP27: 18 | WQ27: 1 | WR27: 2 | WS27: 3 | WT27: 4 | WU27: 5 | WV27: 6 | WW27: 7 | WX27: 8 | WY27: 9 | WZ27: 10 | XA27: 11 | XB27: 12 | XC27: 13 | XD27: 14 | XE27: 15 | XF27: 16 | XG27: 17 | XH27: 18 | XI27: 1 | XJ27: 2 | XK27: 3 | XL27: 4 | XM27: 5 | XN27: 6 | XO27: 7 | XP27: 8 | XQ27: 9 | XR27: 10 | XS27: 11 | XT27: 12 | XU27: 13 | XV27: 14 | XW27: 15 | XX27: 16 | XY27: 17 | XZ27: 18 | YA27: 1 | YB27: 2 | YC27: 3 | YD27: 4 | YE27: 5 | YF27: 6 | YG27: 7 | YH27: 8 | YI27: 9 | YJ27: 10 | YK27: 11 | YL27: 12 | YM27: 13 | YN27: 14 | YO27: 15 | YP27: 16 | YQ27: 17 | YR27: 18 | YS27: 1 | YT27: 2 | YU27: 3 | YV27: 4 | YW27: 5 | YX27: 6 | YY27: 7 | YZ27: 8 | ZA27: 9 | ZB27: 10 | ZC27: 11 | ZD27: 12 | ZE27: 13 | ZF27: 14 | ZG27: 15 | ZH27: 16 | ZI27: 17 | ZJ27: 18 | ZK27: 1 | ZL27: 2 | ZM27: 3 | ZN27: 4 | ZO27: 5 | ZP27: 6 | ZQ27: 7 | ZR27: 8 | ZS27: 9 | ZT27: 10 | ZU27: 11 | ZV27: 12 | ZW27: 13 | ZX27: 14 | ZY27: 15 | ZZ27: 16 | AAA27: 17 | AAB27: 18 | AAC27: 1 | AAD27: 2 | AAE27: 3 | AAF27: 4 | AAG27: 5 | AAH27: 6 | AAI27: 7 | AAJ27: 8 | AAK27: 9 | AAL27: 10 | AAM27: 11 | AAN27: 12 | AAO27: 13 | AAP27: 14 | AAQ27: 15 | AAR27: 16 | AAS27: 17 | AAT27: 18 | AAU27: 1 | AAV27: 2 | AAW27: 3 | AAX27: 4 | AAY27: 5 | AAZ27: 6 | ABA27: 7 | ABB27: 8 | ABC27: 9 | ABD27: 10 | ABE27: 11 | ABF27: 12 | ABG27: 13 | ABH27: 14 | ABI27: 15 | ABJ27: 16 | ABK27: 17 | ABL27: 18 | ABM27: 1 | ABN27: 2 | ABO27: 3 | ABP27: 4 | ABQ27: 5 | ABR27: 6 | ABS27: 7 | ABT27: 8 | ABU27: 9 | ABV27: 10 | ABW27: 11 | ABX27: 12 | ABY27: 13 | ABZ27: 14 | ACA27: 15 | ACB27: 16 | ACC27: 17 | ACD27: 18 | ACE27: 1 | ACF27: 2 | ACG27: 3 | ACH27: 4 | ACI27: 5 | ACJ27: 6 | ACK27: 7 | ACL27: 8 | ACM27: 9 | ACN27: 10 | ACO27: 11 | ACP27: 12 | ACQ27: 13 | ACR27: 14 | ACS27: 15 | ACT27: 16 | ACU27: 17 | ACV27: 18 | ACW27: 1 | ACX27: 2 | ACY27: 3 | ACZ27: 4 | ADA27: 5 | ADB27: 6 | ADC27: 7 | ADD27: 8 | ADE27: 9 | ADF27: 10 | ADG27: 11 | ADH27: 12 | ADI27: 13 | ADJ27: 14 | ADK27: 15 | ADL27: 16 | ADM27: 17 | ADN27: 18 | ADO27: 1 | ADP27: 2 | ADQ27: 3 | ADR27: 4 | ADS27: 5 | ADT27: 6 | ADU27: 7 | ADV27: 8 | ADW27: 9 | ADX27: 10 | ADY27: 11 | ADZ27: 12 | AEA27: 13 | AEB27: 14 | AEC27: 15 | AED27: 16 | AEE27: 17 | AEF27: 18 | AEG27: 1 | AEH27: 2 | AEI27: 3 | AEJ27: 4 | AEK27: 5 | AEL27: 6 | AEM27: 7 | AEN27: 8 | AEO27: 9 | AEP27: 10 | AEQ27: 11 | AER27: 12 | AES27: 13 | AET27: 14 | AEU27: 15 | AEV27: 16 | AEW27: 17 | AEX27: 18 | AEY27: 1 | AEZ27: 2 | AFA27: 3 | AFB27: 4 | AFC27: 5 | AFD27: 6 | AFE27: 7 | AFF27: 8 | AFG27: 9 | AFH27: 10 | AFI27: 11 | AFJ27: 12 | AFK27: 13 | AFL27: 14 | AFM27: 15 | AFN27: 16 | AFO27: 17 | AFP27: 18 | AFQ27: 1 | AFR27: 2 | AFS27: 3 | AFT27: 4 | AFU27: 5 | AFV27: 6 | AFW27: 7 | AFX27: 8 | AFY27: 9 | AFZ27: 10 | AGA27: 11 | AGB27: 12 | AGC27: 13 | AGD27: 14 | AGE27: 15 | AGF27: 16 | AGG27: 17 | AGH27: 18
B28: 0.57638889 | C28: 10.3-425 Научно-исследовательская работа Пр., Садыкова И.А. (1-9 нед., 18 ч.), ауд. 216 \\ 10.3-421 Научно-исследовательская работа Пр., Садыкова И.А. (10-17 нед., 16 ч.), ауд. 216 | U28: 10.3-446 Социокультурные ценности в образовании (Пр. 1-9 нед., 18 ч.), Овчинников А.А. // 10.3-451 Социокультурные ценности в образовании (Пр. 10-17 нед., 16 ч.), Овчинников А.А. | AM28: 10.3-323 Методология научного исследования Пр., Языкова А.Ю. (1-9 нед., 18 ч.), ауд. 218 \\ 10.3-461 Русская литература второй половины XIX века (Пр. 10-17 нед., 16 ч.), Бушканец Л.Е. | BE28: 10.3-441 Коррекционная психология и педагогика (Пр. 1-9 нед., 18 ч.), Мингазова А.М. // 10.3-462 Теория и методика обучения в области литературы (Пр. 10-17 нед., 16 ч.), Махинина Н.Г. | BW28: 10.3-423А Коммуникативный практикум Пр., Закиров Р.Д. (1-4 нед., 8 ч.), ауд. 221 \\ 10.3-553 ДВ Русская художественная культура (Пр. 5-14 нед., 20 ч.), Насрутдинова Л.Х // 10.3-553 Русский язык и культура речи (Пр. 15-17 нед., 6 ч.), Тимуршина Д.И. | CO28: 10.3-422 ФТД Карьерная навигация Пр., Хайрутдинова А.М. (1-9 нед., 18 ч.), ауд. 252а \\ 10.3-323 Методология научного исследования Пр., Языкова А.Ю. (10-13 нед., 8 ч.), ауд. 252а \\ 10.3-323 Современные направления в лингвистике Пр., Хайрутдинова А.М. (14-17 нед., 8 ч.), ауд. 252а | DG28: 10.3-541 Практикум произносительных навыков (Пр. 1-17 нед., 34 ч.), Загребельная М.С. | DY28: 10.3-353Б (Халиуллина С.А.) - 1 нед. // 10.3-353А Основы речевой англоязычной компетенции (Пр. 1 нед., 2 ч.), Шейнина Д.П. (Мифтахова Л.Б.) // 10.3-501 Морфология русского языка (пр. 2-13 нед., 24 ч.) Гайнутдинова А.Ф.//10.3-503 Научно-исследовательская работа (пр. 14-16 нед., 6 ч.) Гайнутдинова А.Ф. \\ 10.3-424 ФТД Язык средств массовой информации (русский язык) Пр., Галеев Т.И. (17 нед., 2 ч.), ауд. 302 | EQ28: 10.3-521Б Коммуникативный практикум Пр., Хасанова Р.И. (1-10 нед., 20 ч.), ауд. 303 \\ 10.3-353А Основы речевой англоязычной компетенции (Пр. 11-12 нед., 4 ч.), Шейнина Д.П. (Мифтахова Л.Б.) \\ 10.3-522Б Практикум по письму Пр., Сайфиева М.И. (13-17 нед., 10 ч.), ауд. 303 | FI28: 10.3-351 (Карасева А.И.) - 1 нед. // 10.3-352 Теория и методика обучения русскому языку (Пр. 1-9 нед., 18 ч.), Нуруллина Г.М. // 10.3-455 Историческая фонетика и грамматика русского языка (Пр. 10-17 нед., 16 ч.), Ерофеева И.В. | GA28: 10.3-503 Практическая грамматика русского языка (пр. 1-9 нед., 18 ч.) Залялова Р.Р.//10.3-502 Методика преподавания русского языка как иностранного (пр. 10-12 нед., 6 ч.) Залялова Р.Р.//10.3-523Б Коммуникативный практикум Пр., Таланова К.О. (16-17 нед., 4 ч.), ауд. 305//10.3-601 Филология в системе современного гуманитарного знания (пр. 13-15 нед. 6 ч.) Денмухаметова Э.Н., ссылка: https://telemost.360.yandex.ru/j/2561678941 | GS28: 10.3-523А Безопасность жизнедеятельности (Лаб. 1-5 нед., 10 ч.), Дикопольская Н.Б., ауд. 306 // 10.3-523Б Безопасность жизнедеятельности (Лаб. 6-10 нед., 10 ч.), Дикопольская Н.Б., ауд. 306 \\ 10.3-521Б Коммуникативный практикум Пр., Хасанова Р.И. (11-17 нед., 14 ч.), ауд. 306 | HK28: 10.3-522 Русский язык и культура речи Пр., Ахметзянова Л.М. (1-12 нед., 24 ч.), ауд. 307 \\ 10.3-322 Практическая грамматика Пр., Хабибрахманова А.Р. (13 нед., 2 ч.), ауд. 307 \\ 10.3-322 Практикум по культуре речевого общения Пр., Языкова А.Ю. (14-17 нед., 8 ч.), ауд. 307 | IC28: 10.3-424 История русского языка Пр., Капралова Ю.В. (1-9 нед., 18 ч.), ауд. 308 \\ 10.3-422 История русского языка Пр., Капралова Ю.В. (10-17 нед., 16 ч.), ауд. 308 | IU28: 10.3-421 Введение в теорию межкультурной коммуникации. Общие вопросы Пр., Калинина Г.С. (1-9 нед., 18 ч.), ауд. 310 \\ 10.3-423 Введение в теорию межкультурной коммуникации. Общие вопросы Пр., Калинина Г.С. (10-17 нед., 16 ч.), ауд. 310 | JM28: 10.3-502 Практическая грамматика русского языка (пр. 1-9 нед., 18 ч.) Гатаулина Р.Г. // 561, 562, Карасева (10 нед.) // 10.3-351 Практика по профилю подготовки (в области русского языка) (Пр. 11-14 нед., 8 ч.), Карасева А.И. // 10.3-351 Практика по профилю подготовки (в области русского языка) (Пр. 16-17 нед., 4 ч.), Карасева А.И. | KE28: 10.3-251 Трудные вопросы грамматики в школе и вузе (Пр. 1-10 нед., 20 ч.), Корнеева Т.А. // 10.3-523 Безопасность жизнедеятельности (Пр. 11-15 нед., 10 ч.), Дикопольская Н.Б., ауд. 318 // 10.3-353А Основы речевой англоязычной компетенции (Пр. 16 нед., 2 ч.), Шейнина Д.П. (Мифтахова Л.Б.) // 10.3-361, 10.3-362 ДВ Анализ поэтического текста в школе (Пр. 17 нед., 2 ч.), Котомцев Д.О. | KW28: 10.3-322 Практическая грамматика Пр., Хабибрахманова А.Р. (1-4 нед., 8 ч.), ауд. 322 // 10.3-472 ДВ Специфика перевода художественных текстов, Л. 2 ч., Бекметов Р.Ф. (8 нед.) // 10.3-472 ФТД Академическая коммуникация, Пр. 2 ч., Амурская О.Ю. (9 нед.) \\ 10.3-353Б Практический курс английского языка (Пр. 10-16 нед., 14 ч.), Халиуллина С.А. // 10.3-353А Иностранный язык в профессиональной коммуникации (Пр. 17 нед., 2 ч.), Халиуллина С.А. | LO28: 10.3-521А Коммуникативный практикум Пр., Смоленцева Л.А. (1-17 нед., 34 ч.), ауд. 323 | MG28: 10.3-531 Историческая грамматика (Л. 1-9 нед., 18 ч.), Токсубаева А.А. // 10.3-317 Практический курс русского жестового языка (Пр. 10 нед., 2 ч.), Ильичева Т.Е. // 10.3-317 Практикум по культуре речевого общения (Пр. 11-12 нед., 4 ч.), Ильичева Т.Е. // 10.3-317 Теория перевода жестовых языков (Пр. 13 нед., 2 ч.), Ильичева Т.Е. // 10.3-562 Практика по профилю подготовки (в области литературы) ( Пр. 14 нед., 2 ч.), Мифтахова З.Э. // 10.3-661 Практика по профилю подготовки (в области литературы (Пр. 15-17 нед., 6 ч.), Мифтахова З.Э. | MY28: 10.3-432 Библиографическая практика (Пр. 1-17 нед., 34 ч.), Зиннатуллина З.Р. | NQ28: 10.3-445 Практическая подготовка по профилю (Пр. 1-17 нед., 34 ч.), Каипова Р.Р. | OI28: 10.3-561, 10.3-562 Русская литература XVIII века (Л. 1-9 нед., 18 ч.), Галимуллина А.Ф. // 10.3-631 Древнерусская литература (Пр. 10-17 нед., 16 ч.), Нагуманова Э.Ф. | PA28: 10.3-342 Синтаксис русского языка (Пр. 1-10, 15-17 нед., 26 ч.), Фаронская С.А. // 10.3-361, 10.3-362 ДВ Анализ поэтического текста в школе (Пр. 11-14 нед., 8 ч.), Котомцев Д.О. | PS28: 10.3-552, 10.3-553 ДВ Русская художественная культура (Л. 1-4 нед., 8 ч.), Насрутдинова Л.Х. // 10.3-351 Практика по профилю подготовки (в области русского языка) (Пр. 5 нед., 2 ч.), Карасева А.И. // 10.3-361, 10.3-362 ДВ Выразительное чтение (Пр. 6-9 нед., 8 ч.), Котомцев Д.О. // 10.3-452 Практика по профилю подготовки (в области русского языка) (Пр. 10-17 нед., 16 ч.), Гусманова Д.Ш. | QK28: 10.3-451, 10.3-452, 10.3-461, 10.3-462, 10.3-455 Историческая фонетика и грамматика русского языка (Л. 1-9 нед., 18 ч.), Ерофеева И.В., ауд. 342/343 // 10.3-641, 10.3-651, 10.3-652, 10.3-653, 10.3-661 Фонетика, орфоэпия русского языка (Л. 10-14 нед., 10 ч.), Тимуршина Д.И. // 10.3-251 Стилистика русского языка (Пр. 15-17 нед., 6 ч.), Ижбаева Г.Р. | RU28: 10.3-621, 10.3-622, 10.3-631, 10.3-641, 10.3-651, 10.3-652, 10.3-653, 10.3-661 Основы российской государственности (Л. 1-9 нед., 18 ч.), Сайкина Г.К., ауд. 355 | SM28: 10.3-591 Русский язык в мировом языковом и культурном пространстве (л. 1-6 нед. 12 ч.) Ижбаева Г.Р., ссылка: https://telemost.360.yandex.ru/j/2265441927 | TE28: 10.3-252 Лингвострановедение (английский язык) (Пр. 1-9 нед., 18 ч.), Туганова С.В., ауд. 249(2) ДОТ: https://telemost.yandex.ru/j/77819180497511 // 10.3-255 Лингвострановедение (английский язык) (Пр. 15-17 нед., 6 ч.), Туганова С.В., ауд. 249(2) ДОТ: https://telemost.yandex.ru/j/77819180497511 | TW28: 10.3-601 Филология в системе современного гуманитарного знания (пр. 1-15 нед. 30 ч.) Денмухаметова Э.Н., ссылка: https://telemost.360.yandex.ru/j/2561678941 | YS28: 10.3-523Б Безопасность жизнедеятельности (Лаб. 1-4 нед., 8 ч.), СЦ (ул. Карла Маркса, д. 74а) // 10.3-523А Безопасность жизнедеятельности (Лаб. 6-9 нед., 8 ч.), СЦ (ул. Карла Маркса, д. 74а) | ZK28: 10.3-351 Практика по профилю подготовки (в области русского языка) (Пр. 1-3, 6-7 нед., 10 ч.), Карасева А.И., ауд. /426(6-7н.) // 10.3-353Б Практический курс английского языка (Пр. 1-4 нед., 8 ч.), Халиуллина С.А., ауд. | AAC28: 10.3-324 Цифровые технологии в лингвистике Лаб., Хакимов Б.Э. (2-16 нед., 30 ч.), ауд. Edutech 334\8 | ACE28: 10.3-353А Основы речевой англоязычной компетенции (Пр. 2-3 нед., 4 ч.), Шейнина Д.П. (Мифтахова Л.Б.), ауд. 224 // 10.3-354 ФТД Формирование языковой личности школьника на уроках русского языка (Пр. 7-14 нед., 16 ч.), Ижбаева Г.Р., ауд. | AEG28: 10.3-472 Бекметов Р.Ф. (10 нед.) | AEY28: 10.3-622 Консультационная практика Пр., Хайрутдинова А.М. (10-13 нед., 8 ч.), ауд. 445/2
T29: 18 | AL29: 18 | BD29: 18 | BV29: 18 | CN29: 18 | DF29: 18 | DX29: 18 | EP29: 18 | FH29: 18 | FZ29: 18 | GR29: 18 | HJ29: 18 | IB29: 18 | IT29: 18 | JL29: 18 | KD29: 18 | KV29: 18 | LA29: 5 | LB29: 6 | LC29: 7 | LN29: 18 | MF29: 18 | MX29: 18 | NP29: 18 | OH29: 18 | OZ29: 18 | PR29: 18 | QJ29: 18 | RB29: 18 | RC29: 1 | RD29: 2 | RE29: 3 | RF29: 4 | RG29: 5 | RH29: 6 | RI29: 7 | RJ29: 8 | RK29: 9 | RL29: 10 | RM29: 11 | RN29: 12 | RO29: 13 | RP29: 14 | RQ29: 15 | RR29: 16 | RS29: 17 | RT29: 18 | RU29: 1 | RV29: 2 | RW29: 3 | RX29: 4 | RY29: 5 | RZ29: 6 | SA29: 7 | SB29: 8 | SC29: 9 | SD29: 10 | SE29: 11 | SF29: 12 | SG29: 13 | SH29: 14 | SI29: 15 | SJ29: 16 | SK29: 17 | SL29: 18 | SS29: 7 | ST29: 8 | SU29: 9 | SV29: 10 | SW29: 11 | SX29: 12 | SY29: 13 | SZ29: 14 | TA29: 15 | TB29: 16 | TC29: 17 | TD29: 18 | TE29: 1 | TF29: 2 | TG29: 3 | TH29: 4 | TI29: 5 | TJ29: 6 | TK29: 7 | TL29: 8 | TM29: 9 | TN29: 10 | TO29: 11 | TP29: 12 | TQ29: 13 | TR29: 14 | TS29: 15 | TT29: 16 | TU29: 17 | TV29: 18 | TW29: 1 | TX29: 2 | TY29: 3 | TZ29: 4 | UA29: 5 | UB29: 6 | UC29: 7 | UD29: 8 | UE29: 9 | UF29: 10 | UG29: 11 | UH29: 12 | UI29: 13 | UJ29: 14 | UK29: 15 | UL29: 16 | UM29: 17 | UN29: 18 | UO29: 1 | UP29: 2 | UQ29: 3 | UR29: 4 | US29: 5 | UT29: 6 | UU29: 7 | UV29: 8 | UW29: 9 | UX29: 10 | UY29: 11 | UZ29: 12 | VA29: 13 | VB29: 14 | VC29: 15 | VD29: 16 | VE29: 17 | VF29: 18 | VG29: 1 | VH29: 2 | VI29: 3 | VJ29: 4 | VK29: 5 | VL29: 6 | VM29: 7 | VN29: 8 | VO29: 9 | VP29: 10 | VQ29: 11 | VR29: 12 | VS29: 13 | VT29: 14 | VU29: 15 | VV29: 16 | VW29: 17 | VX29: 18 | VY29: 1 | VZ29: 2 | WA29: 3 | WB29: 4 | WC29: 5 | WD29: 6 | WE29: 7 | WF29: 8 | WG29: 9 | WH29: 10 | WI29: 11 | WJ29: 12 | WK29: 13 | WL29: 14 | WM29: 15 | WN29: 16 | WO29: 17 | WP29: 18 | WQ29: 1 | WR29: 2 | WS29: 3 | WT29: 4 | WU29: 5 | WV29: 6 | WW29: 7 | WX29: 8 | WY29: 9 | WZ29: 10 | XA29: 11 | XB29: 12 | XC29: 13 | XD29: 14 | XE29: 15 | XF29: 16 | XG29: 17 | XH29: 18 | XI29: 1 | XJ29: 2 | XK29: 3 | XL29: 4 | XM29: 5 | XN29: 6 | XO29: 7 | XP29: 8 | XQ29: 9 | XR29: 10 | XS29: 11 | XT29: 12 | XU29: 13 | XV29: 14 | XW29: 15 | XX29: 16 | XY29: 17 | XZ29: 18 | YA29: 1 | YB29: 2 | YC29: 3 | YD29: 4 | YE29: 5 | YF29: 6 | YG29: 7 | YH29: 8 | YI29: 9 | YJ29: 10 | YK29: 11 | YL29: 12 | YM29: 13 | YN29: 14 | YO29: 15 | YP29: 16 | YQ29: 17 | YR29: 18 | YS29: 1 | YT29: 2 | YU29: 3 | YV29: 4 | YW29: 5 | YX29: 6 | YY29: 7 | YZ29: 8 | ZA29: 9 | ZB29: 10 | ZC29: 11 | ZD29: 12 | ZE29: 13 | ZF29: 14 | ZG29: 15 | ZH29: 16 | ZI29: 17 | ZJ29: 18 | ZK29: 1 | ZL29: 2 | ZM29: 3 | ZN29: 4 | ZO29: 5 | ZP29: 6 | ZQ29: 7 | ZR29: 8 | ZS29: 9 | ZT29: 10 | ZU29: 11 | ZV29: 12 | ZW29: 13 | ZX29: 14 | ZY29: 15 | ZZ29: 16 | AAA29: 17 | AAB29: 18 | AAC29: 1 | AAD29: 2 | AAE29: 3 | AAF29: 4 | AAG29: 5 | AAH29: 6 | AAI29: 7 | AAJ29: 8 | AAK29: 9 | AAL29: 10 | AAM29: 11 | AAN29: 12 | AAO29: 13 | AAP29: 14 | AAQ29: 15 | AAR29: 16 | AAS29: 17 | AAT29: 18 | AAU29: 1 | AAV29: 2 | AAW29: 3 | AAX29: 4 | AAY29: 5 | AAZ29: 6 | ABA29: 7 | ABB29: 8 | ABC29: 9 | ABD29: 10 | ABE29: 11 | ABF29: 12 | ABG29: 13 | ABH29: 14 | ABI29: 15 | ABJ29: 16 | ABK29: 17 | ABL29: 18 | ABM29: 1 | ABN29: 2 | ABO29: 3 | ABP29: 4 | ABQ29: 5 | ABR29: 6 | ABS29: 7 | ABT29: 8 | ABU29: 9 | ABV29: 10 | ABW29: 11 | ABX29: 12 | ABY29: 13 | ABZ29: 14 | ACA29: 15 | ACB29: 16 | ACC29: 17 | ACD29: 18 | ACE29: 1 | ACF29: 2 | ACG29: 3 | ACH29: 4 | ACI29: 5 | ACJ29: 6 | ACK29: 7 | ACL29: 8 | ACM29: 9 | ACN29: 10 | ACO29: 11 | ACP29: 12 | ACQ29: 13 | ACR29: 14 | ACS29: 15 | ACT29: 16 | ACU29: 17 | ACV29: 18 | ACW29: 1 | ACX29: 2 | ACY29: 3 | ACZ29: 4 | ADA29: 5 | ADB29: 6 | ADC29: 7 | ADD29: 8 | ADE29: 9 | ADF29: 10 | ADG29: 11 | ADH29: 12 | ADI29: 13 | ADJ29: 14 | ADK29: 15 | ADL29: 16 | ADM29: 17 | ADN29: 18 | ADO29: 1 | ADP29: 2 | ADQ29: 3 | ADR29: 4 | ADS29: 5 | ADT29: 6 | ADU29: 7 | ADV29: 8 | ADW29: 9 | ADX29: 10 | ADY29: 11 | ADZ29: 12 | AEA29: 13 | AEB29: 14 | AEC29: 15 | AED29: 16 | AEE29: 17 | AEF29: 18 | AEG29: 1 | AEH29: 2 | AEI29: 3 | AEJ29: 4 | AEK29: 5 | AEL29: 6 | AEM29: 7 | AEN29: 8 | AEO29: 9 | AEP29: 10 | AEQ29: 11 | AER29: 12 | AES29: 13 | AET29: 14 | AEU29: 15 | AEV29: 16 | AEW29: 17 | AEX29: 18 | AEY29: 1 | AEZ29: 2 | AFA29: 3 | AFB29: 4 | AFC29: 5 | AFD29: 6 | AFE29: 7 | AFF29: 8 | AFG29: 9 | AFH29: 10 | AFI29: 11 | AFJ29: 12 | AFK29: 13 | AFL29: 14 | AFM29: 15 | AFN29: 16 | AFO29: 17 | AFP29: 18 | AFQ29: 1 | AFR29: 2 | AFS29: 3 | AFT29: 4 | AFU29: 5 | AFV29: 6 | AFW29: 7 | AFX29: 8 | AFY29: 9 | AFZ29: 10 | AGA29: 11 | AGB29: 12 | AGC29: 13 | AGD29: 14 | AGE29: 15 | AGF29: 16 | AGG29: 17 | AGH29: 18
B30: 0.65972222 | C30: 10.3-331 Зарубежная литература конца XIX - ХХ века (Л. 1-9 нед., 18 ч., Пр. 10-13 нед., 8 ч.), Щепачева И.В. \\ 10.3-324 Современные направления в лингвистике Пр., Хайрутдинова А.М. (14 нед., 2 ч.), ауд. 216 \\ 10.3-343 Формирование универсальных учебных действий в обучении русскому языку (Пр. 15-17 нед., 6 ч.), Гимадиева Э.Н. | U30: 10.3-421 История русского языка Пр., Капралова Ю.В. (1-9 нед., 18 ч.), ауд. 217 \\ 10.3-461 Теория и методика обучения в области литературы (Пр. 10-17 нед., 16 ч.), Махинина Н.Г. | AM30: 10.3-517 Латинский язык (Л. 1-6 нед., 12 ч.), Каримуллина Г.Н. \\ 10.3-425 Введение в теорию межкультурной коммуникации. Общие вопросы Пр., Калинина Г.С. (7-9 нед., 6 ч.), ауд. 218 \\ 10.3-462 Русская литература второй половины XIX века (Пр. 10-17 нед., 16 ч.), Бушканец Л.Е. | BE30: 10.3-641 Русская художественная культура (Л. 1-4 нед., 8 ч., Пр. 5-14 нед., 20 ч.), Насрутдинова Л.Х. \\ 10.3-425 Введение в теорию межкультурной коммуникации. Общие вопросы Пр., Калинина Г.С. (15-17 нед., 6 ч.), ауд. 219\220 | BW30: 10.3-353 Теория и методика обучения русскому языку (Пр. 1-9 нед., 18 ч.), Нуруллина Г.М. //10.3-502 Педагогическая практика (пр. 10-13 нед., 8 ч.) Гатаулина Р.Г. // 10.3-653 Фонетика, орфоэпия русского языка (Пр. 14-15 нед., 4 ч.), Каипова Р.Р. // 10.3-351 История русского литературного языка (Пр. 16 нед., 2 ч.), Карасева А.И. // 10.3-251 Стилистика русского языка (Пр. 17 нед., 2 ч.), Ижбаева Г.Р. | CO30: 10.3-322 Язык средств массовой информации (английский язык) Пр., Алексеева Л.И. (1-2 нед., 4 ч.), ауд. 252а \\10.3-323 Коммуникативный практикум Пр., Сайифева М.И. (3-17 нед., 30 ч.), ауд. 252а | DG30: 10.3-521А Практическая грамматика Пр., Хасанова Р.И. (1-3 нед., 6 ч.), ауд. 301 \\ 10.3-521Б Коммуникативный практикум Пр., Хасанова Р.И. (4-5 нед., 4 ч.), ауд. 301 \\ 10.3-521А Практикум по письму Пр., Хасанова Р.И. (6-9 нед., 8 ч.), ауд. 301 \\ 10.3-455 Теория и методика обучения китайскому языку (Пр. 10-17 нед., 16 ч.), Загребельная М.С. | DY30: 10.3-324 Практикум по культуре речевого общения Пр., Языкова А.Ю. (1 нед., 2 ч.), ауд. 302 \\ 10.3-503 Морфология русского языка (пр.2-13 нед., 24 ч.) Гайнутдинова А.Ф. \\ 10.3-322 Практикум по культуре речевого общения Пр., Языкова А.Ю. (14-17 нед., 8 ч.), ауд. 302 | EQ30: 10.3-691 Филология в системе современного гуманитарного знания (пр. 1-15 нед. 30 ч.) Денмухаметова Э.Н. // 10.3-653 Фонетика, орфоэпия русского языка (Пр. 16-17 нед., 4 ч.), Каипова Р.Р. | FI30: 10.3-561, 10.3-562 Методы психолого-педагогической диагностики и анализа данных (Пр. 1-7 нед., 14 ч.), Ганиева А.М. // 10.3-343 Формирование универсальных учебных действий в обучении русскому языку (Пр. 8-9 нед., 4 ч.), Гимадиева Э.Н. // 10.3-445 Морфология русского языка (Пр. 10-17 нед., 16 ч.), Корнеева Т.А. | GA30: 10.3-425 Теоретическая грамматика русского языка Пр., Залялова Р.Р. (1 нед., 2 ч.), ауд. 305 \\ 10.3-501 Педагогическая практика (пр. 2-4 нед., 6 ч.) Гатаулина Р.Г.// Методика преподавания русского языка как иностранного (пр. 5-10 нед., 12 ч.) Залялова Р.Р.//Ключевые тексты русской культуры (пр. 11-12 нед., 4 ч.) Калинина Г.С.//Лингвокультурология (пр. 13-14 нед., 4 ч.) Калинина Г.С. // 10.3-331 Педагогическая практика (Пр. 14 нед., 2 ч.), Гайнутдинова А.Ф., ауд. 305 // 10.3-331 Теория языка (Пр. 15 нед., 2 ч.), Спиридонов А.В. \\ 10.3-324 Современные направления в лингвистике Пр., Хайрутдинова А.М. (16-17 нед., 4 ч.), ауд. 305 | GS30: 10.3-522А Безопасность жизнедеятельности (Лаб. 1-5 нед., 10 ч.), Дикопольская Н.Б., ауд. 306 // 10.3-522Б Безопасность жизнедеятельности (Лаб. 6-10 нед., 10 ч.), Дикопольская Н.Б., ауд. 306 \\ 10.3-521А Практикум по письму Пр., Хасанова Р.И. (11-17 нед., 14 ч.), ауд. 306 | HK30: 10.3-431 Методика преподавания русского языка как иностранного (Л. 1-9 нед., 18 ч., Пр. 10-17 нед., 16 ч.), Ахметзянова Л.М. | IC30: 10.3-424 ФТД Язык средств массовой информации (русский язык) Пр., Галеев Т.И. (1-17 нед., 34 ч.), ауд. 308 | IU30: 10.3-422 Введение в теорию межкультурной коммуникации. Общие вопросы Пр., Калинина Г.С. (1-5 нед., 10 ч.), ауд. 310 \\ 10.3-422 ФТД Язык средств массовой информации (русский язык) Пр., Смоленцева Л.А. (6-17 нед., 24 ч.), ауд. 310 | JM30: 10.3-502 Методика преподавания русского языка как иностранного (пр. 2-4 нед., 6 ч.) Залялова Р.Р.//Педагогическая практика (пр. 5-9 нед., 10 ч.) Гатаулина Р.Г.//10.3-423 История русского языка Пр., Капралова Ю.В. (10-17 нед., 16 ч.), ауд. 314 | KE30: 10.3-541 Историческая фонетика и грамматика русского языка (Пр. 1-10 нед., 20 ч.), Ерофеева И.В. // 10.3-522 Безопасность жизнедеятельности (Пр. 11-15 нед., 10 ч.), Дикопольская Н.Б., ауд. 318 // 10.3-452 Социокультурные ценности в образовании (Пр. 16 нед., 2 ч.), Овчинников А.А. // 10.3-351 История русского литературного языка (Пр. 17 нед., 2 ч.), Карасева А.И. | KW30: 10.3-341Б Практический курс русского языка (Пр. 1-10 нед., 20 ч.), Каипова Р.Р. // 10.3-353А Практический курс русского языка (Пр. 11-17 нед., 14 ч.), Гусманова Д.Ш. | LO30: 10.3-521Б Практическая грамматика Пр., Смоленцева Л.А. (1-3 нед., 6 ч.), ауд. 323 \\ 10.3-521А Коммуникативный практикум Пр., Смоленцева Л.А. (4-5 нед., 4 ч.), ауд. 323 \\ 10.3-324 Практикум по культуре речевого общения Пр., Языкова А.Ю. (6 нед., 2 ч.), ауд. 323 \\ 10.3-324 Практическая грамматика Ильичева В.С. (7-8 нед., 4 ч.), ауд. 323 \\ \\ 10.3-421А Язык делового общения (английский язык) Пр., Курмаева И.И. (10-17 нед., 16 ч.), ауд. 323 // 251, Литвиненко, 9 нед., перенос | MG30: 10.3-218 Практический курс русского жестового языка (Пр. 1-9 нед., 18 ч.), Ильичева Т.Е. // 10.3-417 Синтаксис русского языка (Л. 10-17 нед., 16 ч.), Мардиева Л.А. | MY30: 10.3-432 История русского литературного языка (Л. 1-4 нед., 8 ч., Пр. 5-17 нед., 26 ч.), Токсубаева А.А. | NQ30: 10.3-631 Античная литература, литература средних веков и Возрождения (Л. 1-13 нед., 26 ч., Пр. 14-17 нед., 8 ч.), Вафина А.Х. | OI30: 10.3-423 Научно-исследовательская работа Пр., Садыкова И.А. (1-9 нед., 18 ч.), ауд. 411 \\ 10.3-317 Теория перевода жестовых языков (Л. 10-15 нед., 12 ч., Пр. 16-17 нед., 4 ч.), Ильичева Т.Е. | PA30: 10.3-342 Синтаксис русского языка (Пр. 1-10, 15-17 нед., 26 ч.), Фаронская С.А. \\ 10.3-425 Теоретическая грамматика русского языка Пр., Залялова Р.Р. (11-14 нед., 8 ч.), ауд. 241\242 | PS30: 10.3-252 Стилистика русского языка (Пр. 1-10, 15-16 нед., 24 ч.), Ижбаева Г.Р. // 10.3-361, 10.3-362 Зарубежная литература ХХ века (Л. 11-14, 17 нед., 10 ч.), Мелихов А.Г. | QK30: 10.3-451, 10.3-452, 10.3-461, 10.3-462, 10.3-455 Морфология русского языка (Л. 1-9 нед., 18 ч.), Корнеева Т.А., ауд. 342/343 - 5 н перенос // 10.3-451, 10.3-452 Организация внеурочной деятельности по английскому языку (Л. 10-13 нед., 8 ч.), Насибуллова Г.Р. // 10.3-451 Теория и методика обучения рускому языку (Пр. 14, 16-17 нед., 6 ч.), Нуруллина Г.М. // 10.3-451 Социокультурные ценности в образовании (Пр. 15 нед., 2 ч.), Овчинников А.А. | SM30: 10.3-591 Культурный код русской литературы (л. 1-6 нед. 12 ч.) Галимуллина А.Ф. ссылка: https://telemost.yandex.ru/j/47016562975665// ДВ Выразительное чтение (л. 11-16 нед. 12 ч.) Котомцев Д.О., ссылка: https://telemost.yandex.ru/j/95160347750737 | TE30: 10.3-256 Лингвострановедение (английский язык) (Пр. 1-9 нед., 18 ч.), Туганова С.В., ауд. 249(2) ДОТ: https://telemost.yandex.ru/j/77819180497511 // 10.3-253 Лингвострановедение (английский язык) (Пр. 15-17 нед., 6 ч.), Туганова С.В., ауд. 249(2) ДОТ: https://telemost.yandex.ru/j/77819180497511 | TW30: 10.3-681 Когнитивная психология и индивидуализация в обучении (л. 1 нед. 2 ч.) Хурматуллина Р.К., ссылка: https://telemost.yandex.ru/j/06525104411268//Научные основы образования в области русского языка и литературы (л. 7-8 нед., 4 ч., пр. 9-15 нед., 14 ч.) Галимуллина А.Ф., ссылка: https://telemost.yandex.ru/j/47016562975665 | YS30: 10.3-522Б Безопасность жизнедеятельности (Лаб. 1-4 нед., 8 ч.), СЦ (ул. Карла Маркса, д. 74а) // 10.3-522А Безопасность жизнедеятельности (Лаб. 6-9 нед., 8 ч.), СЦ (ул. Карла Маркса, д. 74а) | ZK30: 10.3-361, 10.3-362 ДВ Выразительное чтение (Пр. 6-9 нед., 8 ч.), Котомцев Д.О., ауд. 428 // 10.3-351 Практика по профилю подготовки (в области русского языка) (Пр. 10-14 нед., 10 ч.), Карасева А.И., ауд. 423(10н.)/443(11-14н.) // 10.3-351 История русского литературного языка (Пр. 9 нед., 2 ч.), Карасева А.И., ауд. 409 | AAC30: 10.3-517 ФТД Корпусная лингвистика (Л. 7-10 нед., 8 ч., Пр. 11-15 нед., 10 ч.), Каримуллина Г.Н., ауд. 326 | ACE30: 10.3-253 Деловой английский язык (Пр. 3-6 нед., 8 ч.), Чумарина Г.Р., ауд. 104 // 10.3-354 ФТД Формирование языковой личности школьника на уроках русского языка (Пр. 11-14 нед., 8 ч.), Ижбаева Г.Р., ауд. | ACW30: 10.3-621 Консультационная практика Пр., Латыпова К.Ш. (4-12 нед., 18 ч.), ауд. 249(2) | ADO30: 10.3-622Б Практическая грамматика Пр., Спиридонов А.В. (4-9 нед., 12 ч.), ауд. 249(2) | AEG30: 10.3-472 Бекметов Р.Ф. (10 нед.) | AEY30: 10.3-622 Консультационная практика Пр., Хайрутдинова А.М. (10-13, 15 нед., 10 ч.), ауд. 445/2
T31: 18 | AL31: 18 | BD31: 18 | BV31: 18 | CN31: 18 | DF31: 18 | DX31: 18 | EP31: 18 | FH31: 18 | FZ31: 18 | GR31: 18 | HJ31: 18 | IB31: 18 | IT31: 18 | JL31: 18 | KD31: 18 | KV31: 18 | LN31: 18 | MF31: 18 | MX31: 18 | NP31: 18 | OH31: 18 | OZ31: 18 | PR31: 18 | QJ31: 18 | QO31: 5 | RB31: 18 | RC31: 1 | RD31: 2 | RE31: 3 | RF31: 4 | RG31: 5 | RH31: 6 | RI31: 7 | RJ31: 8 | RK31: 9 | RL31: 10 | RM31: 11 | RN31: 12 | RO31: 13 | RP31: 14 | RQ31: 15 | RR31: 16 | RS31: 17 | RT31: 18 | RU31: 1 | RV31: 2 | RW31: 3 | RX31: 4 | RY31: 5 | RZ31: 6 | SA31: 7 | SB31: 8 | SC31: 9 | SD31: 10 | SE31: 11 | SF31: 12 | SG31: 13 | SH31: 14 | SI31: 15 | SJ31: 16 | SK31: 17 | SL31: 18 | SS31: 7 | ST31: 8 | SU31: 9 | SV31: 10 | TC31: 17 | TD31: 18 | TE31: 1 | TF31: 2 | TG31: 3 | TH31: 4 | TI31: 5 | TJ31: 6 | TK31: 7 | TL31: 8 | TM31: 9 | TN31: 10 | TO31: 11 | TP31: 12 | TQ31: 13 | TR31: 14 | TS31: 15 | TT31: 16 | TU31: 17 | TV31: 18 | TW31: 1 | TX31: 2 | TY31: 3 | TZ31: 4 | UA31: 5 | UB31: 6 | UC31: 7 | UD31: 8 | UE31: 9 | UF31: 10 | UG31: 11 | UH31: 12 | UI31: 13 | UJ31: 14 | UK31: 15 | UL31: 16 | UM31: 17 | UN31: 18 | UO31: 1 | UP31: 2 | UQ31: 3 | UR31: 4 | US31: 5 | UT31: 6 | UU31: 7 | UV31: 8 | UW31: 9 | UX31: 10 | UY31: 11 | UZ31: 12 | VA31: 13 | VB31: 14 | VC31: 15 | VD31: 16 | VE31: 17 | VF31: 18 | VG31: 1 | VH31: 2 | VI31: 3 | VJ31: 4 | VK31: 5 | VL31: 6 | VM31: 7 | VN31: 8 | VO31: 9 | VP31: 10 | VQ31: 11 | VR31: 12 | VS31: 13 | VT31: 14 | VU31: 15 | VV31: 16 | VW31: 17 | VX31: 18 | VY31: 1 | VZ31: 2 | WA31: 3 | WB31: 4 | WC31: 5 | WD31: 6 | WE31: 7 | WF31: 8 | WG31: 9 | WH31: 10 | WI31: 11 | WJ31: 12 | WK31: 13 | WL31: 14 | WM31: 15 | WN31: 16 | WO31: 17 | WP31: 18 | WQ31: 1 | WR31: 2 | WS31: 3 | WT31: 4 | WU31: 5 | WV31: 6 | WW31: 7 | WX31: 8 | WY31: 9 | WZ31: 10 | XA31: 11 | XB31: 12 | XC31: 13 | XD31: 14 | XE31: 15 | XF31: 16 | XG31: 17 | XH31: 18 | XI31: 1 | XJ31: 2 | XK31: 3 | XL31: 4 | XM31: 5 | XN31: 6 | XO31: 7 | XP31: 8 | XQ31: 9 | XR31: 10 | XS31: 11 | XT31: 12 | XU31: 13 | XV31: 14 | XW31: 15 | XX31: 16 | XY31: 17 | XZ31: 18 | YA31: 1 | YB31: 2 | YC31: 3 | YD31: 4 | YE31: 5 | YF31: 6 | YG31: 7 | YH31: 8 | YI31: 9 | YJ31: 10 | YK31: 11 | YL31: 12 | YM31: 13 | YN31: 14 | YO31: 15 | YP31: 16 | YQ31: 17 | YR31: 18 | YS31: 1 | YT31: 2 | YU31: 3 | YV31: 4 | YW31: 5 | YX31: 6 | YY31: 7 | YZ31: 8 | ZA31: 9 | ZB31: 10 | ZC31: 11 | ZD31: 12 | ZE31: 13 | ZF31: 14 | ZG31: 15 | ZH31: 16 | ZI31: 17 | ZJ31: 18 | ZK31: 1 | ZL31: 2 | ZM31: 3 | ZN31: 4 | ZO31: 5 | ZP31: 6 | ZQ31: 7 | ZR31: 8 | ZS31: 9 | ZT31: 10 | ZU31: 11 | ZV31: 12 | ZW31: 13 | ZX31: 14 | ZY31: 15 | ZZ31: 16 | AAA31: 17 | AAB31: 18 | AAC31: 1 | AAD31: 2 | AAE31: 3 | AAF31: 4 | AAG31: 5 | AAH31: 6 | AAI31: 7 | AAJ31: 8 | AAK31: 9 | AAL31: 10 | AAM31: 11 | AAN31: 12 | AAO31: 13 | AAP31: 14 | AAQ31: 15 | AAR31: 16 | AAS31: 17 | AAT31: 18 | AAU31: 1 | AAV31: 2 | AAW31: 3 | AAX31: 4 | AAY31: 5 | AAZ31: 6 | ABA31: 7 | ABB31: 8 | ABC31: 9 | ABD31: 10 | ABE31: 11 | ABF31: 12 | ABG31: 13 | ABH31: 14 | ABI31: 15 | ABJ31: 16 | ABK31: 17 | ABL31: 18 | ABM31: 1 | ABN31: 2 | ABO31: 3 | ABP31: 4 | ABQ31: 5 | ABR31: 6 | ABS31: 7 | ABT31: 8 | ABU31: 9 | ABV31: 10 | ABW31: 11 | ABX31: 12 | ABY31: 13 | ABZ31: 14 | ACA31: 15 | ACB31: 16 | ACC31: 17 | ACD31: 18 | ACE31: 1 | ACF31: 2 | ACG31: 3 | ACH31: 4 | ACI31: 5 | ACJ31: 6 | ACK31: 7 | ACL31: 8 | ACM31: 9 | ACN31: 10 | ACO31: 11 | ACP31: 12 | ACQ31: 13 | ACR31: 14 | ACS31: 15 | ACT31: 16 | ACU31: 17 | ACV31: 18 | ACW31: 1 | ACX31: 2 | ACY31: 3 | ACZ31: 4 | ADA31: 5 | ADB31: 6 | ADC31: 7 | ADD31: 8 | ADE31: 9 | ADF31: 10 | ADG31: 11 | ADH31: 12 | ADI31: 13 | ADJ31: 14 | ADK31: 15 | ADL31: 16 | ADM31: 17 | ADN31: 18 | ADO31: 1 | ADP31: 2 | ADQ31: 3 | ADR31: 4 | ADS31: 5 | ADT31: 6 | ADU31: 7 | ADV31: 8 | ADW31: 9 | ADX31: 10 | ADY31: 11 | ADZ31: 12 | AEA31: 13 | AEB31: 14 | AEC31: 15 | AED31: 16 | AEE31: 17 | AEF31: 18 | AEG31: 1 | AEH31: 2 | AEI31: 3 | AEJ31: 4 | AEK31: 5 | AEL31: 6 | AEM31: 7 | AEN31: 8 | AEO31: 9 | AEP31: 10 | AEQ31: 11 | AER31: 12 | AES31: 13 | AET31: 14 | AEU31: 15 | AEV31: 16 | AEW31: 17 | AEX31: 18 | AEY31: 1 | AEZ31: 2 | AFA31: 3 | AFB31: 4 | AFC31: 5 | AFD31: 6 | AFE31: 7 | AFF31: 8 | AFG31: 9 | AFH31: 10 | AFI31: 11 | AFJ31: 12 | AFK31: 13 | AFL31: 14 | AFM31: 15 | AFN31: 16 | AFO31: 17 | AFP31: 18 | AFQ31: 1 | AFR31: 2 | AFS31: 3 | AFT31: 4 | AFU31: 5 | AFV31: 6 | AFW31: 7 | AFX31: 8 | AFY31: 9 | AFZ31: 10 | AGA31: 11 | AGB31: 12 | AGC31: 13 | AGD31: 14 | AGE31: 15 | AGF31: 16 | AGG31: 17 | AGH31: 18
B32: 0.72916667 | C32: 10.3-581 Современные технологии обучения русскому языку в средней и высшей школе (пр. 1-6 нед., 12 ч.) Ижбаева Г.Р.//ФТД. Формирование языковой личности в полиэтнической среде (пр. 7-17 нед., 22 ч.) Ижбаева Г.Р. | U32: 10.3-432 История русского литературного языка (Пр. 1 нед., 2 ч.), Токсубаева А.А. // 10.3-432 Основы правоведения и противодейтсвия коррупции (Пр. 2-10 нед., 18 ч.), Сабирова Л.Л. \\ 10.3-323 Педагогическая практика Пр., Сайфиева М.И. (11-12 нед., 4 ч.), ауд. 217 \\ 10.3-343 Текстоориентированный подход в обучении русскому языку (Пр. 15-17 нед., 6 ч.), Гимадиева Э.Н. | AM32: 10.3-517 Латинский язык (Пр. 1-6 нед., 12 ч.), Каримуллина Г.Н. // 10.3-361, 10.3-362 ДВ Комментированное чтение (Пр. 7-8 нед., 4 ч.), Котомцев Д.О. // 10.3-255 Деловой английский язык (Пр. 9-10, 15-17 нед., 10 ч.), Чумарина Г.Р. // 10.3-362 Синтаксис русского языка (Пр. 14 нед., 2 ч.), Сафонова С.С. | BE32: 10.3-452 Коррекционная психология и педагогика (Пр. 1-9 нед., 18 ч.), Мингазова А.М. // 10.3-452Б Практический курс русского языка (Пр. 10-17 нед., 16 ч.), Абдуллина И.И. | BW32: 10.3-324 Практикум по культуре речевого общения Пр., Языкова А.Ю. (1 нед., 2 ч.), ауд. 221 \\ 10.3-417 История русского литературного языка (Пр. 2-7 нед., 12 ч.), Токсубаева А.А. // 10.3-253 Цифровые образовательные инструменты при обучении английскому языку (Пр. 8-9 нед., 4 ч.), Литвиненко Е.В. // 10.3-361, 10.3-362 ДВ Комментированное чтение (Пр. 10 нед., 2 ч.), Котомцев Д.О. // 10.3-502 Русская литература в мировом художественном пространстве (пр. 11-16 нед., 12 ч.) Котомцев Д.О. // 10.3-361 Зарубежная литература ХХ века (Пр. 17 нед., 2 ч.), Мелихов А.Г. | CO32: 10.3-261 Подготовка к итоговой аттестации по русскому языку в школе (Пр. 1-9 нед., 18 ч.), Едиханов И.Ж. \\ 10.3-323 Педагогическая практика Пр., Сайфиева М.И. (10 нед., 2 ч.), ауд. 252а // 10.3-351Б Практический курс английского языка (Пр. 11-17 нед., 14 ч.), Шафигуллина С.С., ауд. 252а | DG32: 10.3-422Б Практическая грамматика Пр., Ильичева В.С. (1-17 нед., 34 ч.), ауд. 301 | DY32: 10.3-431 Практический курс первого иностранного языка (Пр. 1-17 нед., 34 ч.), Амурская О.Ю. | EQ32: 10.3-691 ДВ.Русская диалектология (пр. 1-12 нед., 24 ч.) Чупрякова О.В. | FI32: 10.3-451 Морфология русского языка (Пр. 1-9 нед., 18 ч.), Корнеева Т.А. // 10.3-445 Морфология русского языка (Пр. 10-17 нед., 16 ч.), Корнеева Т.А. | GA32: 10.3-331 Педагогическая практика (Пр. 1-17 нед., 34 ч.), Гайнутдинова А.Ф. | GS32: 10.3-422А Практическая грамматика Пр., Хасанова Р.И. (1-17 нед., 34 ч.), ауд. 306 | HK32: 10.3-503 Деловой иностранный язык (пр. 1-12 нед., 24 ч.) Калинина Г.С. \\ 10.3-323 Педагогическая практика Пр., Сайфиева М.И. (13-17 нед., 10 ч.), ауд. 307 | IC32: 10.3-423 ФТД Язык средств массовой информации (русский язык) Пр., Галеев Т.И. (1-17 нед., 34 ч.), ауд. 308 | IU32: 10.3-421 ФТД Язык средств массовой информации (русский язык) Пр., Смоленцева Л.А. (1-17 нед., 34 ч.), ауд. 310 | JM32: 10.3-353А Аудирование аутентичных материалов (английский язык) (Пр. 3-4 нед., 4 ч.), Чумарина Г.Р. // 10.3-324 Методология научного исследования Пр., Языкова А.Ю. (7-17 нед., 22 ч.), ауд. 314 | KE32: 10.3-341 Синтаксис русского языка (Пр. 1-10, 15-17 нед., 26 ч.), Фаронская С.А. // 10.3-361 Зарубежная литература ХХ века (Пр. 11-14 нед., 8 ч.), Мелихов А.Г. | KW32: 10.3-342А Практический курс русского языка (Пр. 2-10, 15-17 нед., 24 ч.), Ячина Н.П. | LO32: 10.3-424 Коммуникативный практикум Пр., Латыпова К.Ш. (1-17 нед., 34 ч.), ауд. 323 | MG32: 10.3-218 Практикум по культуре устного перевода с русского жестового языка на словесный русский жестовый язык (Пр. 1-9 нед., 18 ч.), Ильичева Т.Е. // 10.3-417 Синтаксис русского языка (Пр. 10-17 нед., 16 ч.), Мардиева Л.А. | MY32: 10.3-425 Академическое письмо (русский язык) Пр., Гатаулина Р.Г. (1-15 нед., 30 ч.), ауд. 349 \\ 10.3-425 Язык делового общения (английский язык) Пр., Курмаева И.И. (16-17 нед., 4 ч.), ауд. 349 | NQ32: 10.3-617 Теоретический курс иностранного языка (Пр. 1-4 нед., 8 ч.), Халитова Л.К. // 10.3-617 История России (Пр. 5-17 нед., 26 ч.), Хасанов Т.Н. | OI32: 10.3-253 ДВ Историческое словообразование и вопросы этимологии (Пр. 1-7 нед., 14 ч.), Ерофеева И.В. // 10.3-343 Текстоориентированный подход в обучении русскому языку (Пр. 8-9 нед., 4 ч.), Гимадиева Э.Н. // 10.3-317 Профессиональная этика переводчика русского жестового языка (Л. 10-17 нед., 16 ч.), Ильичева Т.Е. | PA32: 10.3-461, 10.3-462 Русская литература второй половины XIX века (Л. 1-17 нед., 34 ч.), Бушканец Л.Е. | PS32: 10.3-254 Деловой английский язык (Пр. 1-4 нед., 8 ч.), Вагнер К.Р. // 10.3-353А Аудирование аутентичных материалов (английский язык) (Пр. 5-6, 11-14 нед., 12 ч.), Чумарина Г.Р. // 10.3-254 ДВ Технологии подготовки к международным экзаменам: чтение и письмо (английский язык) (Пр. 7-10 нед., 8 ч.), Шафигуллина С.С. // 10.3-361 Синтаксис русского языка (Пр. 15 нед., 2 ч.), Сафонова С.С. | QK32: 10.3-255 ФТД Практикум по культуре речевого общения на английском языке (Пр. 1-8 нед., 16 ч.), Шейнина Д.П. // 10.3-361, 10.3-362 ДВ Комментированное чтение (Пр. 9 нед., 2 ч.), Котомцев Д.О. // 10.3-256 ФТД Практикум по культуре речевого общения на английском языке (Пр. 10 нед., 2 ч.), Шейнина Д.П. // 10.3-354 ФТД Практикум по культуре речевого общения на английском языке (Пр. 11-17 нед., 14 ч.), Шейнина Д.П. | TE32: // 10.3-253 Лингвострановедение (английский язык) (Пр. 15-17 нед., 6 ч.), Туганова С.В., ауд. 249(2) ДОТ: https://telemost.yandex.ru/j/77819180497511 | TW32: 10.3-681 Когнитивная психология и индивидуализация в обучении (л. 1 нед. 2 ч.) Хурматуллина Р.К., ссылка: https://telemost.yandex.ru/j/06525104411268//Теория и методика обучения литературе в средней и высшей школе (л. 7-9 нед. 6 ч.) Галимуллина А.Ф., ссылка: https://telemost.yandex.ru/j/47016562975665 | ZK32: 10.3-361, 10.3-362 ДВ Комментированное чтение (Пр. 6 нед., 2 ч.), Котомцев Д.О., ауд. 428 | AAC32: 10.3-517 ФТД Корпусная лингвистика (Пр. 7-15 нед., 18 ч.), Каримуллина Г.Н., ауд. 326 | ACE32: 10.3-351Б Практический курс английского языка (Пр. 1-3 нед., 6 ч.), Шафигуллина С.С., ауд. 224
T33: 18 | AG33: 13 | AH33: 14 | AL33: 18 | AW33: 11 | AX33: 12 | AY33: 13 | BD33: 18 | BV33: 18 | CN33: 18 | DF33: 18 | DX33: 18 | EP33: 18 | FC33: 13 | FD33: 14 | FE33: 15 | FF33: 16 | FG33: 17 | FH33: 18 | FZ33: 18 | GR33: 18 | HJ33: 18 | IB33: 18 | IT33: 18 | JL33: 18 | JM33: 1 | JN33: 2 | JQ33: 5 | JR33: 6 | KD33: 18 | KV33: 18 | KW33: 1 | LG33: 11 | LH33: 12 | LI33: 13 | LJ33: 14 | LN33: 18 | MF33: 18 | MX33: 18 | NP33: 18 | OH33: 18 | OZ33: 18 | PR33: 18 | QH33: 16 | QI33: 17 | QJ33: 18 | RB33: 18 | RC33: 1 | RD33: 2 | RE33: 3 | RF33: 4 | RG33: 5 | RH33: 6 | RI33: 7 | RJ33: 8 | RK33: 9 | RL33: 10 | RM33: 11 | RN33: 12 | RO33: 13 | RP33: 14 | RQ33: 15 | RR33: 16 | RS33: 17 | RT33: 18 | RU33: 1 | RV33: 2 | RW33: 3 | RX33: 4 | RY33: 5 | RZ33: 6 | SA33: 7 | SB33: 8 | SC33: 9 | SD33: 10 | SE33: 11 | SF33: 12 | SG33: 13 | SH33: 14 | SI33: 15 | SJ33: 16 | SK33: 17 | SL33: 18 | SM33: 1 | SN33: 2 | SO33: 3 | SP33: 4 | SQ33: 5 | SR33: 6 | SS33: 7 | ST33: 8 | SU33: 9 | SV33: 10 | SW33: 11 | SX33: 12 | SY33: 13 | SZ33: 14 | TA33: 15 | TB33: 16 | TC33: 17 | TD33: 18 | TE33: 1 | TF33: 2 | TG33: 3 | TH33: 4 | TI33: 5 | TJ33: 6 | TK33: 7 | TL33: 8 | TM33: 9 | TN33: 10 | TO33: 11 | TP33: 12 | TQ33: 13 | TR33: 14 | TS33: 15 | TT33: 16 | TU33: 17 | TV33: 18 | TW33: 1 | TX33: 2 | TY33: 3 | TZ33: 4 | UA33: 5 | UB33: 6 | UC33: 7 | UD33: 8 | UE33: 9 | UF33: 10 | UG33: 11 | UH33: 12 | UI33: 13 | UJ33: 14 | UK33: 15 | UL33: 16 | UM33: 17 | UN33: 18 | UO33: 1 | UP33: 2 | UQ33: 3 | UR33: 4 | US33: 5 | UT33: 6 | UU33: 7 | UV33: 8 | UW33: 9 | UX33: 10 | UY33: 11 | UZ33: 12 | VA33: 13 | VB33: 14 | VC33: 15 | VD33: 16 | VE33: 17 | VF33: 18 | VG33: 1 | VH33: 2 | VI33: 3 | VJ33: 4 | VK33: 5 | VL33: 6 | VM33: 7 | VN33: 8 | VO33: 9 | VP33: 10 | VQ33: 11 | VR33: 12 | VS33: 13 | VT33: 14 | VU33: 15 | VV33: 16 | VW33: 17 | VX33: 18 | VY33: 1 | VZ33: 2 | WA33: 3 | WB33: 4 | WC33: 5 | WD33: 6 | WE33: 7 | WF33: 8 | WG33: 9 | WH33: 10 | WI33: 11 | WJ33: 12 | WK33: 13 | WL33: 14 | WM33: 15 | WN33: 16 | WO33: 17 | WP33: 18 | WQ33: 1 | WR33: 2 | WS33: 3 | WT33: 4 | WU33: 5 | WV33: 6 | WW33: 7 | WX33: 8 | WY33: 9 | WZ33: 10 | XA33: 11 | XB33: 12 | XC33: 13 | XD33: 14 | XE33: 15 | XF33: 16 | XG33: 17 | XH33: 18 | XI33: 1 | XJ33: 2 | XK33: 3 | XL33: 4 | XM33: 5 | XN33: 6 | XO33: 7 | XP33: 8 | XQ33: 9 | XR33: 10 | XS33: 11 | XT33: 12 | XU33: 13 | XV33: 14 | XW33: 15 | XX33: 16 | XY33: 17 | XZ33: 18 | YA33: 1 | YB33: 2 | YC33: 3 | YD33: 4 | YE33: 5 | YF33: 6 | YG33: 7 | YH33: 8 | YI33: 9 | YJ33: 10 | YK33: 11 | YL33: 12 | YM33: 13 | YN33: 14 | YO33: 15 | YP33: 16 | YQ33: 17 | YR33: 18 | YS33: 1 | YT33: 2 | YU33: 3 | YV33: 4 | YW33: 5 | YX33: 6 | YY33: 7 | YZ33: 8 | ZA33: 9 | ZB33: 10 | ZC33: 11 | ZD33: 12 | ZE33: 13 | ZF33: 14 | ZG33: 15 | ZH33: 16 | ZI33: 17 | ZJ33: 18 | ZK33: 1 | ZL33: 2 | ZM33: 3 | ZN33: 4 | ZO33: 5 | ZP33: 6 | ZQ33: 7 | ZR33: 8 | ZS33: 9 | ZT33: 10 | ZU33: 11 | ZV33: 12 | ZW33: 13 | ZX33: 14 | ZY33: 15 | ZZ33: 16 | AAA33: 17 | AAB33: 18 | AAC33: 1 | AAD33: 2 | AAE33: 3 | AAF33: 4 | AAG33: 5 | AAH33: 6 | AAI33: 7 | AAJ33: 8 | AAK33: 9 | AAL33: 10 | AAM33: 11 | AAN33: 12 | AAO33: 13 | AAP33: 14 | AAQ33: 15 | AAR33: 16 | AAS33: 17 | AAT33: 18 | AAU33: 1 | AAV33: 2 | AAW33: 3 | AAX33: 4 | AAY33: 5 | AAZ33: 6 | ABA33: 7 | ABB33: 8 | ABC33: 9 | ABD33: 10 | ABE33: 11 | ABF33: 12 | ABG33: 13 | ABH33: 14 | ABI33: 15 | ABJ33: 16 | ABK33: 17 | ABL33: 18 | ABM33: 1 | ABN33: 2 | ABO33: 3 | ABP33: 4 | ABQ33: 5 | ABR33: 6 | ABS33: 7 | ABT33: 8 | ABU33: 9 | ABV33: 10 | ABW33: 11 | ABX33: 12 | ABY33: 13 | ABZ33: 14 | ACA33: 15 | ACB33: 16 | ACC33: 17 | ACD33: 18 | ACE33: 1 | ACF33: 2 | ACG33: 3 | ACH33: 4 | ACI33: 5 | ACJ33: 6 | ACK33: 7 | ACL33: 8 | ACM33: 9 | ACN33: 10 | ACO33: 11 | ACP33: 12 | ACQ33: 13 | ACR33: 14 | ACS33: 15 | ACT33: 16 | ACU33: 17 | ACV33: 18 | ACW33: 1 | ACX33: 2 | ACY33: 3 | ACZ33: 4 | ADA33: 5 | ADB33: 6 | ADC33: 7 | ADD33: 8 | ADE33: 9 | ADF33: 10 | ADG33: 11 | ADH33: 12 | ADI33: 13 | ADJ33: 14 | ADK33: 15 | ADL33: 16 | ADM33: 17 | ADN33: 18 | ADO33: 1 | ADP33: 2 | ADQ33: 3 | ADR33: 4 | ADS33: 5 | ADT33: 6 | ADU33: 7 | ADV33: 8 | ADW33: 9 | ADX33: 10 | ADY33: 11 | ADZ33: 12 | AEA33: 13 | AEB33: 14 | AEC33: 15 | AED33: 16 | AEE33: 17 | AEF33: 18 | AEG33: 1 | AEH33: 2 | AEI33: 3 | AEJ33: 4 | AEK33: 5 | AEL33: 6 | AEM33: 7 | AEN33: 8 | AEO33: 9 | AEP33: 10 | AEQ33: 11 | AER33: 12 | AES33: 13 | AET33: 14 | AEU33: 15 | AEV33: 16 | AEW33: 17 | AEX33: 18 | AEY33: 1 | AEZ33: 2 | AFA33: 3 | AFB33: 4 | AFC33: 5 | AFD33: 6 | AFE33: 7 | AFF33: 8 | AFG33: 9 | AFH33: 10 | AFI33: 11 | AFJ33: 12 | AFK33: 13 | AFL33: 14 | AFM33: 15 | AFN33: 16 | AFO33: 17 | AFP33: 18 | AFQ33: 1 | AFR33: 2 | AFS33: 3 | AFT33: 4 | AFU33: 5 | AFV33: 6 | AFW33: 7 | AFX33: 8 | AFY33: 9 | AFZ33: 10 | AGA33: 11 | AGB33: 12 | AGC33: 13 | AGD33: 14 | AGE33: 15 | AGF33: 16 | AGG33: 17 | AGH33: 18
B34: 0.79861111 | C34: 10.3-581 ФТД. Формирование языковой личности в полиэтнической среде (пр. 1-4 нед., 8 ч.) Ижбаева Г.Р. , Современные технологии обучения русскому языку в средней и высшей школе (пр. 10-14 нед., 10 ч.) Ижбаева Г.Р.// 10.3-254 Стилистика русского языка (Пр. 5-9 нед., 10 ч.), Ижбаева Г.Р. | U34: 10.3-431 Основы правоведения и противодейтсвия коррупции (Пр. 2-10 нед., 18 ч.), Сабирова Л.Л. | AM34: 10.3-351Б Практический курс английского языка (Пр. 1-3 нед., 6 ч.), Шафигуллина С.С. // 10.3-255 Деловой английский язык (Пр. 10, 15-17 нед., 8 ч.), Чумарина Г.Р. // 10.3-362 Синтаксис русского языка (Пр. 14 нед., 2 ч.), Сафонова С.С. | BE34: 10.3-462 Коррекционная психология и педагогика (Пр. 1-9 нед., 18 ч.), Мингазова А.М. // 10.3-452Б Практический курс русского языка (Пр. 10-17 нед., 16 ч.), Абдуллина И.И. | BW34: 10.3-417 Общая теория перевода (Л. 2-7 нед., 12 ч., Пр. 8-13 нед., 12 ч.), Амурская О.Ю. | CO34: 10.3-261 Подготовка к итоговой аттестации по русскому языку в школе (Пр. 1-9 нед., 18 ч.), Едиханов И.Ж. // 10.3-351Б Практический курс английского языка (Пр. 11-17 нед., 14 ч.), Шафигуллина С.С., ауд. 252а | DG34: 422Б Практическая грамматика Пр., Ильичева В.С. (1-17 нед., 34 ч.), ауд. 301 | DY34: 351А, Фархад Бадур (12 нед.) // 10.3-431 Практический курс первого иностранного языка (Пр. 1, 13-17 нед., 12 ч.), Амурская О.Ю. | FI34: 10.3-253 Трудные вопросы грамматики в школе и вузе (Пр. 1-10 нед., 20 ч.), Корнеева Т.А. // 344, Гимадиева, 17 нед. | GA34: 10.3-331 Теория языка (Пр. 1-17 нед., 34 ч.), Спиридонов А.В. | GS34: 10.3-422А Практическая грамматика Пр., Хасанова Р.И. (1-17 нед., 34 ч.), ауд. 306 | HK34: 10.3-423 Теоретическая грамматика русского языка Пр., Залялова Р.Р. (1-4 нед., 8 ч.), ауд. 307 \\ 10.3-423 Русская литература ХХ века Пр., Котомцев Д.О. (6-8 нед., 6 ч.), ауд. 307 \\ 10.3-421 Русская литература ХХ века Пр., Котомцев Д.О. (9-17 нед., 18 ч.), ауд. 307 | IC34: 10.3-425 ФТД Язык средств массовой информации (русский язык) Пр., Галеев Т.И. (1-17 нед., 34 ч.), ауд. 308 | IU34: 10.3-421 Язык делового общения (русский язык) Пр., Смоленцева Л.А. (1-8 нед., 16 ч.), ауд. 310 \\ 10.3-423 Язык делового общения (русский язык) Пр., Смоленцева Л.А. (9-16 нед., 16 ч.), ауд. 310 \\ | JM34: 10.3-324 Методология научного исследования Пр., Языкова А.Ю. (1-2 нед., 4 ч.), ауд. 314 \\ 10.3-324 Практикум по культуре речевого общения Пр., Языкова А.Ю. (3-17 нед., 30 ч.), ауд. 314 | KE34: 10.3-341 Синтаксис русского языка (Пр. 1-10, 15-17 нед., 26 ч.), Фаронская С.А. // 10.3-361 Зарубежная литература ХХ века (Пр. 11-14 нед., 8 ч.), Мелихов А.Г. | LO34: 10.3-424 Практическая грамматика Пр., Латыпова К.Ш. (1-17 нед., 34 ч.), ауд. 323 | MG34: 10.3-218 Практикум по культуре устного перевода со словесного русского языка на русский жестовый язык (Пр. 1-9 нед., 18 ч.), Ильичева Т.Е. // 10.3-417 Синтаксис русского языка (Л. 14 нед., 2 ч., Пр. 15 нед., 2 ч.), Мардиева Л.А. | MY34: 10.3-517 Теоретический курс иностранного языка (Л. 1-6 нед., 12 ч., Пр. 7-12 нед., 12 ч.), Тарасова Ф.Х. // 10.3-253 Стилистика русского языка (Пр. 15-17 нед., 6 ч.), Ижбаева Г.Р. | NQ34: 10.3-617 Теоретический курс иностранного языка (Пр. 1-4 нед., 8 ч.), Халитова Л.К. // 10.3-617 Введение в языкознание (Л. 5-10 нед., 12 ч., Пр. 11-16 нед., 12 ч.), Болгарова Р.М. // 10.3-617 История России (Пр. 17 нед., 2 ч.), Хасанов Т.Н. | OI34: 10.3-452Б Практический курс русского языка (Пр. 9 нед., 2 ч.), Абдуллина И.И. // 10.3-317 Профессиональная этика переводчика русского жестового языка (Пр. 10-17 нед., 16 ч.), Ильичева Т.Е. | PA34: ХОР | PS34: 10.3-254 Деловой английский язык (Пр. 2-3 нед., 4 ч.), Вагнер К.Р. // 10.3-353А Аудирование аутентичных материалов (английский язык) (Пр. 4-6, 11-14 нед., 14 ч.), Чумарина Г.Р. // 10.3-254 ДВ Технологии подготовки к международным экзаменам: чтение и письмо (английский язык) (Пр. 10 нед., 2 ч.), Шафигуллина С.С. // 10.3-361 Синтаксис русского языка (Пр. 15 нед., 2 ч.), Сафонова С.С. | QK34: 10.3-255 ФТД Практикум по культуре речевого общения на английском языке (Пр. 1-9 нед., 18 ч.), Шейнина Д.П. // 10.3-256 ФТД Практикум по культуре речевого общения на английском языке (Пр. 10 нед., 2 ч.), Шейнина Д.П. | TW34: 10.3-681 ФТД. Академическая коммуникация (л.10-11 нед., 4 ч., пр. 12-17 нед., 10 ч.) Шакирова Д.Ш., ссылка: https://telemost.360.yandex.ru/j/9873298841
Q35: 15 | R35: 16 | S35: 17 | T35: 18 | U35: 1 | AE35: 11 | AF35: 12 | AG35: 13 | AH35: 14 | AI35: 15 | AJ35: 16 | AK35: 17 | AL35: 18 | AP35: 4 | AQ35: 5 | AR35: 6 | AS35: 7 | AT35: 8 | AU35: 9 | AW35: 11 | AX35: 12 | AY35: 13 | BD35: 18 | BV35: 18 | BW35: 1 | CJ35: 14 | CK35: 15 | CL35: 16 | CM35: 17 | CN35: 18 | CX35: 10 | DF35: 18 | DX35: 18 | DZ35: 2 | EA35: 3 | EB35: 4 | EC35: 5 | ED35: 6 | EE35: 7 | EF35: 8 | EG35: 9 | EH35: 10 | EI35: 11 | EP35: 18 | EQ35: 1 | ER35: 2 | ES35: 3 | ET35: 4 | EU35: 5 | EV35: 6 | EW35: 7 | EX35: 8 | EY35: 9 | EZ35: 10 | FA35: 11 | FB35: 12 | FC35: 13 | FD35: 14 | FE35: 15 | FF35: 16 | FG35: 17 | FH35: 18 | FS35: 11 | FT35: 12 | FU35: 13 | FV35: 14 | FW35: 15 | FX35: 16 | FZ35: 18 | GR35: 18 | HJ35: 18 | HO35: 5 | IB35: 18 | IT35: 18 | JK35: 17 | JL35: 18 | KD35: 18 | KV35: 18 | KW35: 1 | KX35: 2 | KY35: 3 | KZ35: 4 | LA35: 5 | LB35: 6 | LC35: 7 | LD35: 8 | LE35: 9 | LF35: 10 | LG35: 11 | LH35: 12 | LI35: 13 | LJ35: 14 | LK35: 15 | LL35: 16 | LM35: 17 | LN35: 18 | MF35: 18 | MP35: 10 | MQ35: 11 | MR35: 12 | MS35: 13 | MV35: 16 | MW35: 17 | MX35: 18 | NK35: 13 | NL35: 14 | NP35: 18 | OH35: 18 | OI35: 1 | OJ35: 2 | OK35: 3 | OL35: 4 | OM35: 5 | ON35: 6 | OO35: 7 | OP35: 8 | OZ35: 18 | PS35: 1 | PY35: 7 | PZ35: 8 | QA35: 9 | QH35: 16 | QI35: 17 | QJ35: 18 | QU35: 11 | QV35: 12 | QW35: 13 | QX35: 14 | QY35: 15 | QZ35: 16 | RA35: 17 | RB35: 18 | RC35: 1 | RD35: 2 | RE35: 3 | RF35: 4 | RG35: 5 | RH35: 6 | RI35: 7 | RJ35: 8 | RK35: 9 | RL35: 10 | RM35: 11 | RN35: 12 | RO35: 13 | RP35: 14 | RQ35: 15 | RR35: 16 | RS35: 17 | RT35: 18 | RU35: 1 | RV35: 2 | RW35: 3 | RX35: 4 | RY35: 5 | RZ35: 6 | SA35: 7 | SB35: 8 | SC35: 9 | SD35: 10 | SE35: 11 | SF35: 12 | SG35: 13 | SH35: 14 | SI35: 15 | SJ35: 16 | SK35: 17 | SL35: 18 | SM35: 1 | SN35: 2 | SO35: 3 | SP35: 4 | SQ35: 5 | SR35: 6 | SS35: 7 | ST35: 8 | SU35: 9 | SV35: 10 | SW35: 11 | SX35: 12 | SY35: 13 | SZ35: 14 | TA35: 15 | TB35: 16 | TC35: 17 | TD35: 18 | TE35: 1 | TF35: 2 | TG35: 3 | TH35: 4 | TI35: 5 | TJ35: 6 | TK35: 7 | TL35: 8 | TM35: 9 | TN35: 10 | TO35: 11 | TP35: 12 | TQ35: 13 | TR35: 14 | TS35: 15 | TT35: 16 | TU35: 17 | TV35: 18 | TW35: 1 | TX35: 2 | TY35: 3 | TZ35: 4 | UA35: 5 | UB35: 6 | UC35: 7 | UD35: 8 | UE35: 9 | UF35: 10 | UG35: 11 | UH35: 12 | UI35: 13 | UJ35: 14 | UK35: 15 | UL35: 16 | UM35: 17 | UN35: 18 | UO35: 1 | UP35: 2 | UQ35: 3 | UR35: 4 | US35: 5 | UT35: 6 | UU35: 7 | UV35: 8 | UW35: 9 | UX35: 10 | UY35: 11 | UZ35: 12 | VA35: 13 | VB35: 14 | VC35: 15 | VD35: 16 | VE35: 17 | VF35: 18 | VG35: 1 | VH35: 2 | VI35: 3 | VJ35: 4 | VK35: 5 | VL35: 6 | VM35: 7 | VN35: 8 | VO35: 9 | VP35: 10 | VQ35: 11 | VR35: 12 | VS35: 13 | VT35: 14 | VU35: 15 | VV35: 16 | VW35: 17 | VX35: 18 | VY35: 1 | VZ35: 2 | WA35: 3 | WB35: 4 | WC35: 5 | WD35: 6 | WE35: 7 | WF35: 8 | WG35: 9 | WH35: 10 | WI35: 11 | WJ35: 12 | WK35: 13 | WL35: 14 | WM35: 15 | WN35: 16 | WO35: 17 | WP35: 18 | WQ35: 1 | WR35: 2 | WS35: 3 | WT35: 4 | WU35: 5 | WV35: 6 | WW35: 7 | WX35: 8 | WY35: 9 | WZ35: 10 | XA35: 11 | XB35: 12 | XC35: 13 | XD35: 14 | XE35: 15 | XF35: 16 | XG35: 17 | XH35: 18 | XI35: 1 | XJ35: 2 | XK35: 3 | XL35: 4 | XM35: 5 | XN35: 6 | XO35: 7 | XP35: 8 | XQ35: 9 | XR35: 10 | XS35: 11 | XT35: 12 | XU35: 13 | XV35: 14 | XW35: 15 | XX35: 16 | XY35: 17 | XZ35: 18 | YA35: 1 | YB35: 2 | YC35: 3 | YD35: 4 | YE35: 5 | YF35: 6 | YG35: 7 | YH35: 8 | YI35: 9 | YJ35: 10 | YK35: 11 | YL35: 12 | YM35: 13 | YN35: 14 | YO35: 15 | YP35: 16 | YQ35: 17 | YR35: 18 | YS35: 1 | YT35: 2 | YU35: 3 | YV35: 4 | YW35: 5 | YX35: 6 | YY35: 7 | YZ35: 8 | ZA35: 9 | ZB35: 10 | ZC35: 11 | ZD35: 12 | ZE35: 13 | ZF35: 14 | ZG35: 15 | ZH35: 16 | ZI35: 17 | ZJ35: 18 | ZK35: 1 | ZL35: 2 | ZM35: 3 | ZN35: 4 | ZO35: 5 | ZP35: 6 | ZQ35: 7 | ZR35: 8 | ZS35: 9 | ZT35: 10 | ZU35: 11 | ZV35: 12 | ZW35: 13 | ZX35: 14 | ZY35: 15 | ZZ35: 16 | AAA35: 17 | AAB35: 18 | AAC35: 1 | AAD35: 2 | AAE35: 3 | AAF35: 4 | AAG35: 5 | AAH35: 6 | AAI35: 7 | AAJ35: 8 | AAK35: 9 | AAL35: 10 | AAM35: 11 | AAN35: 12 | AAO35: 13 | AAP35: 14 | AAQ35: 15 | AAR35: 16 | AAS35: 17 | AAT35: 18 | AAU35: 1 | AAV35: 2 | AAW35: 3 | AAX35: 4 | AAY35: 5 | AAZ35: 6 | ABA35: 7 | ABB35: 8 | ABC35: 9 | ABD35: 10 | ABE35: 11 | ABF35: 12 | ABG35: 13 | ABH35: 14 | ABI35: 15 | ABJ35: 16 | ABK35: 17 | ABL35: 18 | ABM35: 1 | ABN35: 2 | ABO35: 3 | ABP35: 4 | ABQ35: 5 | ABR35: 6 | ABS35: 7 | ABT35: 8 | ABU35: 9 | ABV35: 10 | ABW35: 11 | ABX35: 12 | ABY35: 13 | ABZ35: 14 | ACA35: 15 | ACB35: 16 | ACC35: 17 | ACD35: 18 | ACE35: 1 | ACF35: 2 | ACG35: 3 | ACH35: 4 | ACI35: 5 | ACJ35: 6 | ACK35: 7 | ACL35: 8 | ACM35: 9 | ACN35: 10 | ACO35: 11 | ACP35: 12 | ACQ35: 13 | ACR35: 14 | ACS35: 15 | ACT35: 16 | ACU35: 17 | ACV35: 18 | ACW35: 1 | ACX35: 2 | ACY35: 3 | ACZ35: 4 | ADA35: 5 | ADB35: 6 | ADC35: 7 | ADD35: 8 | ADE35: 9 | ADF35: 10 | ADG35: 11 | ADH35: 12 | ADI35: 13 | ADJ35: 14 | ADK35: 15 | ADL35: 16 | ADM35: 17 | ADN35: 18 | ADO35: 1 | ADP35: 2 | ADQ35: 3 | ADR35: 4 | ADS35: 5 | ADT35: 6 | ADU35: 7 | ADV35: 8 | ADW35: 9 | ADX35: 10 | ADY35: 11 | ADZ35: 12 | AEA35: 13 | AEB35: 14 | AEC35: 15 | AED35: 16 | AEE35: 17 | AEF35: 18 | AEG35: 1 | AEH35: 2 | AEI35: 3 | AEJ35: 4 | AEK35: 5 | AEL35: 6 | AEM35: 7 | AEN35: 8 | AEO35: 9 | AEP35: 10 | AEQ35: 11 | AER35: 12 | AES35: 13 | AET35: 14 | AEU35: 15 | AEV35: 16 | AEW35: 17 | AEX35: 18 | AEY35: 1 | AEZ35: 2 | AFA35: 3 | AFB35: 4 | AFC35: 5 | AFD35: 6 | AFE35: 7 | AFF35: 8 | AFG35: 9 | AFH35: 10 | AFI35: 11 | AFJ35: 12 | AFK35: 13 | AFL35: 14 | AFM35: 15 | AFN35: 16 | AFO35: 17 | AFP35: 18 | AFQ35: 1 | AFR35: 2 | AFS35: 3 | AFT35: 4 | AFU35: 5 | AFV35: 6 | AFW35: 7 | AFX35: 8 | AFY35: 9 | AFZ35: 10 | AGA35: 11 | AGB35: 12 | AGC35: 13 | AGD35: 14 | AGE35: 15 | AGF35: 16 | AGG35: 17 | AGH35: 18
A36: среда | B36: 0.35416667 | C36: 10.3-251А Практический курс английского языка (Пр. 1-9, 15-17 нед., 24 ч.), Мубаракшина А.М. | U36: 10.3-462 Социокультурные ценности в образовании (Пр. 1-9 нед., 18 ч.), Овчинников А.А. // 10.3-462 Морфология русского языка (Пр. 11-17 нед., 14 ч.), Усманова Л.А. | BE36: 10.3-461 Коррекционная психология и педагогика (Пр. 1-9 нед., 18 ч.), Мингазова А.М. // 10.3-551 Возрастная психология (Пр. 11-16 нед., 12 ч.), Ганиева А.М. // 10.3-551 Методы психолого-педагогической подготовки и анализа данных (Пр. 17 нед., 2 ч.), Ганиева А.М. | BW36: 10.3-531 Философия (Пр. 1-9 нед., 18 ч.), Петросов Д.М. // 10.3-441, Шайхелисламова (15 нед.) // 10.3-561, 10.3-562 Практический курс русского языка (Пр. 17 нед., 2 ч.), Карасева А.И. | CO36: 10.3-661Б Иностранный язык (Пр. 1-9, 11-17 нед., 32 ч.), Бинкова Г.Р. | DY36: 10.3-622А Практикум по чтению Пр., Бурцева Т.А. (5-9 нед., 10 ч.), ауд. 302 // 10.3-354Б Основы речевой англоязычной компетенции (Пр. 17 нед., 2ч.), Гагарина В.Р. | EQ36: 10.3-354А Основы речевой англоязычной компетенции (Пр. 1-9, 11-17 нед., 32 ч.), Измайлова Г.А. | FI36: 10.3-432 Стиховедение (Л. 1-5 нед., 10 ч., Пр. 6-7 нед., 4 ч.), Скворцов А.Э. // 10.3-432 Зарубежная литература ХХ века (Л. 8-9, 11-17 нед., 18 ч.), Хабибуллина Л.Ф. | GA36: 10.3-651Б Практический курс английского языка (Пр. 1-9, 11-17 нед., 32 ч.), Самаркина Н.О. | GS36: 10.3-251Б Практический курс английского языка (Пр. 1-9, 15-17 нед., 24 ч.), Нурутдинова А.Р. // 522Б, Алвасете ЕЕ (14 нед.) | HK36: 10.3-621 Основы российской государственности (Пр. 1-9, 11-17 нед., 32 ч.), Хазиев А.Х. | IC36: 10.3-653 Введение в языкознание (Пр. 1-9, 11-17 нед., 32 ч.), Нурмухаметова Р.С. | IU36: 10.3-601 (Подгруппа А) Практическая грамматика русского языка (пр. 2-3, 11-13 нед., 10 ч.) Залялова Р.Р., ссылка: https://kpfu.mts-link.ru/j/98728483/19815970775 //(Подгруппа Б) Практическая грамматика русского языка (пр. 14-17 нед., 8 ч.) Залялова Р.Р., ссылка: https://kpfu.mts-link.ru/j/98728483/19815970775 | JM36: 10.3-651А Практический курс английского языка (Пр. 1-9, 15-17 нед., 24 ч.), Гарифуллин А.Ф. // 10.3-622А Практикум по чтению Пр., Калинина Г.С. (11-14 нед., 8 ч.) | KE36: 10.3-631 Устное народное творчество (Л. 1-9, 11-13 нед., 24 ч., Пр. 14 нед., 2 ч.), Хабибуллина А.З. // 10.3-622А Практикум по чтению Пр., Калинина Г.С. (15-17 нед., 6 ч.) | MG36: 10.3-622 Основы российской государственности Пр., Нигоматуллина Р.М. (1-4 нед., 8 ч.), ауд. 348 \\ 10.3-445 Теория и методика обучения русскому языку (Пр. 7-9 нед., 6 ч.), Юсупова З.Ф. // 10.3-461 Основы медицинских знаний (Пр. 11 нед., 2 ч.), Шайхелисламова М.В. // 10.3-461 Практика по профилю подготовки (в области литературы) (Пр. 12-14 нед., 6 ч.), Мифтахова З.Э., ауд. 348 | MY36: 10.3-446 Морфология русского языка (Пр. 1-9, 11-17 нед., 32 ч.), Казанцева А.М. | NQ36: 10.3-455 Практический курс русского языка (Пр. 1-9, 11-17 нед., 32 ч.), Шамсутдинова А.И. | OI36: 10.3-256 Стилистика русского языка (Пр. 1-9, 15-17 нед., 24 ч.), Ижбаева Г.Р. // 10.3-352 Синтетическое чтение на английском языке (Пр. 11-14 нед., 8 ч.), Гарифуллин А.Ф. | PA36: 10.3-352 История русского литературного языка (Пр. 1-9 нед., 18 ч.), Карасева А.И. | PS36: 10.3-652 Практический курс английского языка (Пр. 1-9, 11-16 нед., 30 ч.), Вагнер К.Р. | QK36: 10.3-641 Практикум по орфографии и пунктуации (Пр. 1-9, 11-17 нед., 32 ч.), Каримуллина Р.Н.
L37: 10 | M37: 11 | N37: 12 | O37: 13 | P37: 14 | T37: 18 | AD37: 10 | AL37: 18 | AM37: 1 | AN37: 2 | AO37: 3 | AP37: 4 | AQ37: 5 | AR37: 6 | AS37: 7 | AT37: 8 | AU37: 9 | AV37: 10 | AW37: 11 | AX37: 12 | AY37: 13 | AZ37: 14 | BA37: 15 | BB37: 16 | BC37: 17 | BD37: 18 | BN37: 10 | BV37: 18 | CF37: 10 | CG37: 11 | CH37: 12 | CI37: 13 | CJ37: 14 | CL37: 16 | CN37: 18 | CX37: 10 | DF37: 18 | DG37: 1 | DH37: 2 | DI37: 3 | DJ37: 4 | DK37: 5 | DL37: 6 | DM37: 7 | DN37: 8 | DO37: 9 | DP37: 10 | DQ37: 11 | DR37: 12 | DS37: 13 | DT37: 14 | DU37: 15 | DV37: 16 | DW37: 17 | DX37: 18 | DY37: 1 | DZ37: 2 | EA37: 3 | EB37: 4 | EH37: 10 | EI37: 11 | EJ37: 12 | EK37: 13 | EL37: 14 | EM37: 15 | EN37: 16 | EP37: 18 | EZ37: 10 | FH37: 18 | FR37: 10 | FZ37: 18 | GJ37: 10 | GR37: 18 | HB37: 10 | HC37: 11 | HD37: 12 | HE37: 13 | HJ37: 18 | HT37: 10 | IB37: 18 | IL37: 10 | IT37: 18 | IX37: 4 | IY37: 5 | IZ37: 6 | JA37: 7 | JB37: 8 | JC37: 9 | JD37: 10 | JL37: 18 | JV37: 10 | KD37: 18 | KV37: 18 | KW37: 1 | KX37: 2 | KY37: 3 | KZ37: 4 | LA37: 5 | LB37: 6 | LC37: 7 | LD37: 8 | LE37: 9 | LF37: 10 | LG37: 11 | LH37: 12 | LI37: 13 | LJ37: 14 | LK37: 15 | LL37: 16 | LM37: 17 | LN37: 18 | LO37: 1 | LP37: 2 | LQ37: 3 | LR37: 4 | LS37: 5 | LT37: 6 | LU37: 7 | LV37: 8 | LW37: 9 | LX37: 10 | LY37: 11 | LZ37: 12 | MA37: 13 | MB37: 14 | MC37: 15 | MD37: 16 | ME37: 17 | MF37: 18 | MK37: 5 | ML37: 6 | MP37: 10 | MU37: 15 | MV37: 16 | MW37: 17 | MX37: 18 | NH37: 10 | NP37: 18 | NZ37: 10 | OH37: 18 | OR37: 10 | OZ37: 18 | PJ37: 10 | PK37: 11 | PL37: 12 | PM37: 13 | PN37: 14 | PO37: 15 | PP37: 16 | PQ37: 17 | PR37: 18 | QB37: 10 | QI37: 17 | QJ37: 18 | QT37: 10 | RB37: 18 | RC37: 1 | RD37: 2 | RE37: 3 | RF37: 4 | RG37: 5 | RH37: 6 | RI37: 7 | RJ37: 8 | RK37: 9 | RL37: 10 | RM37: 11 | RN37: 12 | RO37: 13 | RP37: 14 | RQ37: 15 | RR37: 16 | RS37: 17 | RT37: 18 | RU37: 1 | RV37: 2 | RW37: 3 | RX37: 4 | RY37: 5 | RZ37: 6 | SA37: 7 | SB37: 8 | SC37: 9 | SD37: 10 | SE37: 11 | SF37: 12 | SG37: 13 | SH37: 14 | SI37: 15 | SJ37: 16 | SK37: 17 | SL37: 18 | SM37: 1 | SN37: 2 | SO37: 3 | SP37: 4 | SQ37: 5 | SR37: 6 | SS37: 7 | ST37: 8 | SU37: 9 | SV37: 10 | SW37: 11 | SX37: 12 | SY37: 13 | SZ37: 14 | TA37: 15 | TB37: 16 | TC37: 17 | TD37: 18 | TE37: 1 | TF37: 2 | TG37: 3 | TH37: 4 | TI37: 5 | TJ37: 6 | TK37: 7 | TL37: 8 | TM37: 9 | TN37: 10 | TO37: 11 | TP37: 12 | TQ37: 13 | TR37: 14 | TS37: 15 | TT37: 16 | TU37: 17 | TV37: 18 | TW37: 1 | TX37: 2 | TY37: 3 | TZ37: 4 | UA37: 5 | UB37: 6 | UC37: 7 | UD37: 8 | UE37: 9 | UF37: 10 | UG37: 11 | UH37: 12 | UI37: 13 | UJ37: 14 | UK37: 15 | UL37: 16 | UM37: 17 | UN37: 18 | UO37: 1 | UP37: 2 | UQ37: 3 | UR37: 4 | US37: 5 | UT37: 6 | UU37: 7 | UV37: 8 | UW37: 9 | UX37: 10 | UY37: 11 | UZ37: 12 | VA37: 13 | VB37: 14 | VC37: 15 | VD37: 16 | VE37: 17 | VF37: 18 | VG37: 1 | VH37: 2 | VI37: 3 | VJ37: 4 | VK37: 5 | VL37: 6 | VM37: 7 | VN37: 8 | VO37: 9 | VP37: 10 | VQ37: 11 | VR37: 12 | VS37: 13 | VT37: 14 | VU37: 15 | VV37: 16 | VW37: 17 | VX37: 18 | VY37: 1 | VZ37: 2 | WA37: 3 | WB37: 4 | WC37: 5 | WD37: 6 | WE37: 7 | WF37: 8 | WG37: 9 | WH37: 10 | WI37: 11 | WJ37: 12 | WK37: 13 | WL37: 14 | WM37: 15 | WN37: 16 | WO37: 17 | WP37: 18 | WQ37: 1 | WR37: 2 | WS37: 3 | WT37: 4 | WU37: 5 | WV37: 6 | WW37: 7 | WX37: 8 | WY37: 9 | WZ37: 10 | XA37: 11 | XB37: 12 | XC37: 13 | XD37: 14 | XE37: 15 | XF37: 16 | XG37: 17 | XH37: 18 | XI37: 1 | XJ37: 2 | XK37: 3 | XL37: 4 | XM37: 5 | XN37: 6 | XO37: 7 | XP37: 8 | XQ37: 9 | XR37: 10 | XS37: 11 | XT37: 12 | XU37: 13 | XV37: 14 | XW37: 15 | XX37: 16 | XY37: 17 | XZ37: 18 | YA37: 1 | YB37: 2 | YC37: 3 | YD37: 4 | YE37: 5 | YF37: 6 | YG37: 7 | YH37: 8 | YI37: 9 | YJ37: 10 | YK37: 11 | YL37: 12 | YM37: 13 | YN37: 14 | YO37: 15 | YP37: 16 | YQ37: 17 | YR37: 18 | YS37: 1 | YT37: 2 | YU37: 3 | YV37: 4 | YW37: 5 | YX37: 6 | YY37: 7 | YZ37: 8 | ZA37: 9 | ZB37: 10 | ZC37: 11 | ZD37: 12 | ZE37: 13 | ZF37: 14 | ZG37: 15 | ZH37: 16 | ZI37: 17 | ZJ37: 18 | ZK37: 1 | ZL37: 2 | ZM37: 3 | ZN37: 4 | ZO37: 5 | ZP37: 6 | ZQ37: 7 | ZR37: 8 | ZS37: 9 | ZT37: 10 | ZU37: 11 | ZV37: 12 | ZW37: 13 | ZX37: 14 | ZY37: 15 | ZZ37: 16 | AAA37: 17 | AAB37: 18 | AAC37: 1 | AAD37: 2 | AAE37: 3 | AAF37: 4 | AAG37: 5 | AAH37: 6 | AAI37: 7 | AAJ37: 8 | AAK37: 9 | AAL37: 10 | AAM37: 11 | AAN37: 12 | AAO37: 13 | AAP37: 14 | AAQ37: 15 | AAR37: 16 | AAS37: 17 | AAT37: 18 | AAU37: 1 | AAV37: 2 | AAW37: 3 | AAX37: 4 | AAY37: 5 | AAZ37: 6 | ABA37: 7 | ABB37: 8 | ABC37: 9 | ABD37: 10 | ABE37: 11 | ABF37: 12 | ABG37: 13 | ABH37: 14 | ABI37: 15 | ABJ37: 16 | ABK37: 17 | ABL37: 18 | ABM37: 1 | ABN37: 2 | ABO37: 3 | ABP37: 4 | ABQ37: 5 | ABR37: 6 | ABS37: 7 | ABT37: 8 | ABU37: 9 | ABV37: 10 | ABW37: 11 | ABX37: 12 | ABY37: 13 | ABZ37: 14 | ACA37: 15 | ACB37: 16 | ACC37: 17 | ACD37: 18 | ACE37: 1 | ACF37: 2 | ACG37: 3 | ACH37: 4 | ACI37: 5 | ACJ37: 6 | ACK37: 7 | ACL37: 8 | ACM37: 9 | ACN37: 10 | ACO37: 11 | ACP37: 12 | ACQ37: 13 | ACR37: 14 | ACS37: 15 | ACT37: 16 | ACU37: 17 | ACV37: 18 | ACW37: 1 | ACX37: 2 | ACY37: 3 | ACZ37: 4 | ADA37: 5 | ADB37: 6 | ADC37: 7 | ADD37: 8 | ADE37: 9 | ADF37: 10 | ADG37: 11 | ADH37: 12 | ADI37: 13 | ADJ37: 14 | ADK37: 15 | ADL37: 16 | ADM37: 17 | ADN37: 18 | ADO37: 1 | ADP37: 2 | ADQ37: 3 | ADR37: 4 | ADS37: 5 | ADT37: 6 | ADU37: 7 | ADV37: 8 | ADW37: 9 | ADX37: 10 | ADY37: 11 | ADZ37: 12 | AEA37: 13 | AEB37: 14 | AEC37: 15 | AED37: 16 | AEE37: 17 | AEF37: 18 | AEG37: 1 | AEH37: 2 | AEI37: 3 | AEJ37: 4 | AEK37: 5 | AEL37: 6 | AEM37: 7 | AEN37: 8 | AEO37: 9 | AEP37: 10 | AEQ37: 11 | AER37: 12 | AES37: 13 | AET37: 14 | AEU37: 15 | AEV37: 16 | AEW37: 17 | AEX37: 18 | AEY37: 1 | AEZ37: 2 | AFA37: 3 | AFB37: 4 | AFC37: 5 | AFD37: 6 | AFE37: 7 | AFF37: 8 | AFG37: 9 | AFH37: 10 | AFI37: 11 | AFJ37: 12 | AFK37: 13 | AFL37: 14 | AFM37: 15 | AFN37: 16 | AFO37: 17 | AFP37: 18 | AFQ37: 1 | AFR37: 2 | AFS37: 3 | AFT37: 4 | AFU37: 5 | AFV37: 6 | AFW37: 7 | AFX37: 8 | AFY37: 9 | AFZ37: 10 | AGA37: 11 | AGB37: 12 | AGC37: 13 | AGD37: 14 | AGE37: 15 | AGF37: 16 | AGG37: 17 | AGH37: 18
B38: 0.42361111 | C38: 10.3-251А Практический курс английского языка (Пр. 1-9, 15-17 нед., 24 ч.), Мубаракшина А.М. | U38: 10.3-461 Социокультурные ценности в образовании (Пр. 1-9 нед., 18 ч.), Овчинников А.А. // 10.3-461 Морфология русского языка (Пр. 11-17 нед., 14 ч.), Усманова Л.А. | AM38: Талипова, 10.2-510Б (3-9 нед.) // 10.3-621 Иностранный язык Пр., Курмаева И.И. (11-17 нед., 14 ч.) | BE38: 10.3-462 Историческая фонетика и грамматика русского языка (Пр. 1-9 нед., 18 ч.), Карасева А.И. // 10.3-561, 10.3-562 Возрастная психология (Пр. 11-16 нед., 12 ч.), Ганиева А.М. // 10.3-561, 10.3-562 Методы психолого-педагогической подготовки и анализа данных (Пр. 17 нед., 2 ч.), Ганиева А.М. | BW38: 10.3-445 Методика написания курсовой работы (русский язык) (Пр. 1-9 нед., 18 ч.), Сабирова А.И. // 10.3-551 Историческая фонетика и грамматика русского языка (Пр. 11-17 нед., 14 ч.), Карасева А.И. | CO38: 10.3-661Б Иностранный язык (Пр. 1-9, 11-17 нед., 32 ч.), Бинкова Г.Р. | DG38: 10.3-641Б Практический курс китайского языка (Пр. 1-9, 11-16 нед., 30 ч.), Дюдюкина Е.А. | DY38: 10.3-641А Практический курс китайского языка (Пр. 1-9, 11-17 нед., 32 ч.), Цзянаэргули Мухамайтихалиму | EQ38: 10.3-653 Практический курс английского языка (Пр. 1-9, 11-17 нед., 32 ч.), Насибуллова Г.Р. | FI38: 10.3-432 Стиховедение (Пр. 1-7 нед., 14 ч.), Скворцов А.Э. // 10.3-432 Зарубежная литература ХХ века (Л. 8-9, 11-12 нед., 8 ч., Пр. 13-17 нед., 10 ч.), Хабибуллина Л.Ф. | GA38: 10.3-651Б Практический курс английского языка (Пр. 1-9, 11-17 нед., 32 ч.), Самаркина Н.О. | GS38: 10.3-251Б Практический курс английского языка (Пр. 1-9, 15-17 нед., 24 ч.), Нурутдинова А.Р. // 522Б, Алвасете ЕЕ (14 нед.) | HK38: 10.3-352 Методика обучения видам речевой деятельности (в области русского языка) (Пр. 1-9 нед., 18 ч.), Шамсутдинова А.И. \\ 10.3-622 Иностранный язык Пр., Алексеева Л.И. (11-17 нед., 14 ч.), ауд. 307 | IC38: 10.3-652 Введение в языкознание (Пр. 1-9, 11-17 нед., 32 ч.), Нурмухаметова Р.С. | IU38: 10.3-322 Английский язык в профессиональной коммуникации Пр., Алексеева Л.И. (1-8 нед., 16 ч.), ауд. 310 // 343, Лукоянова ЮК (9 нед.) \\ 10.3-601 (Подгруппа Б) Практическая грамматика русского языка (пр. 14-17 нед., 14 ч.) Залялова Р.Р., ссылка: https://kpfu.mts-link.ru/j/98728483/19815970775 //(Подгруппа А) Практическая грамматика русского языка (пр. 11-13 нед., 6 ч.) Залялова Р.Р., ссылка: https://kpfu.mts-link.ru/j/98728483/19815970775 | JM38: 10.3-651А Практический курс английского языка (Пр. 1-9, 11-17 нед., 32 ч.), Гарифуллин А.Ф. | KE38: 10.3-631 Устное народное творчество (Пр. 1-9, 11-14 нед., 26 ч.), Хабибуллина А.З. - 6 н перенос // 10.3-352 Методика обучения видам речевой деятельности (в области русского языка) (Пр. 15-17 нед., 6 ч.), Шамсутдинова А.И. | KW38: 10.3-354А Практический курс русского языка (Пр. 1-9 нед., 18 ч.), Гусманова Д.Ш. // Талипова, 10.2-510Б (11-17 нед.) | LO38: 10.3-354Б Основы речевой англоязычной компетенции (Пр. 1-9, 11-17 нед.), Гагарина В.Р. | MG38: 10.3-446 Основы медицинских знаний (Пр. 1-9 нед., 18 ч.), Шайхелисламова М.В. // 10.3-462 Основы медицинских знаний (Пр. 11 нед., 2 ч.), Шайхелисламова М.В. // 10.3-462 Практика по профилю подготовки (в области литературы) (Пр. 12-14 нед., 6 ч.), Мифтахова З.Э., ауд. 348 // 10.3-253 Организация внеклассной работы по английскому языку (Пр. 15-17 нед., 6 ч.), Мифтахова Л.Б. | MY38: 10.3-441, 10.3-442(СОП) Теория и методика обучения русскому языку (Л. 1-7 нед., 14 ч.), Юсупова З.Ф. // 10.3-441 Теория и методика обучения русскому языку (Пр. 8-9, 11-17 нед., 18 ч.), Юсупова З.Ф. | NQ38: 10.3-455 Научно-исследовательская работа (получение первичных навыков научно-исследовательской работа) (Пр. 1-9, 11-17 нед., 32 ч.), Ижбаева Г.Р. | OI38: 10.3-531 Историческая грамматика (Пр. 1-9, 11-15 нед., 28 ч.), Токсубаева А.А. // 10.3-354А Основы речевой англоязычной компетенции (Пр. 17 нед., 2 ч.), Измайлова Г.А. | PA38: 10.3-253 Организация внеклассной работы по английскому языку (Пр. 1-9 нед., 18 ч.), Мифтахова Л.Б. // 10.3-446 Морфология русского языка (Пр. 11-17 нед., 14 ч.), Казанцева А.М. | PS38: 10.3-256 Знаковые имена русской литературы (Пр. 1-9, 15-17 нед., 24 ч.), Бекметов Р.Ф. // 10.3-352 Методика обучения видам речевой деятельности (в области русского языка) (Пр. 11-14 нед., 8 ч.), Шамсутдинова А.И. | QK38: 10.3-254 Деловой английский язык (Пр. 1-9, 15-17 нед., 24 ч.), Вагнер К.Р. // 10.3-445 Методика написания курсовой работы (русский язык) (Пр. 11-14 нед., 8 ч.), Сабирова А.И. | SM38: 10.3-601 Подгруппа Б) Практическая грамматика русского языка (пр. 2-3 нед., ч.) Залялова Р.Р., ссылка: https://kpfu.mts-link.ru/j/98728483/19815970775 //Практический курс английского языка (пр. 4-9 нед., 12 ч.) Планкина Р.М., ссылка: https://telemost.360.yandex.ru/j/2022405221 | ACW38: 10.3-622А Практикум по чтению Пр., Бурцева Т.А. (5-9 нед., 10 ч.), ауд. 249(2) | ADO38: 10.3-622Б Коммуникативный практикум Пр., Залялова Р.Р. (4-9 нед., 12 ч.), ауд. 249(2) | AEG38: 10.3-621 Иностранный язык Пр., Курмаева И.И. (1-9 нед., 18 ч.), ауд. 249(3)
L39: 10 | M39: 11 | N39: 12 | O39: 13 | P39: 14 | T39: 18 | AD39: 10 | AL39: 18 | AM39: 1 | AN39: 2 | AV39: 10 | BD39: 18 | BN39: 10 | BV39: 18 | CF39: 10 | CN39: 18 | CX39: 10 | DF39: 18 | DP39: 10 | DW39: 17 | DX39: 18 | EH39: 10 | EP39: 18 | EZ39: 10 | FH39: 18 | FR39: 10 | FZ39: 18 | GJ39: 10 | GR39: 18 | HB39: 10 | HC39: 11 | HD39: 12 | HE39: 13 | HJ39: 18 | HT39: 10 | IB39: 18 | IL39: 10 | IT39: 18 | JD39: 10 | JL39: 18 | JV39: 10 | KD39: 18 | KJ39: 6 | KV39: 18 | LF39: 10 | LN39: 18 | LX39: 10 | MF39: 18 | MP39: 10 | MX39: 18 | NH39: 10 | NP39: 18 | NZ39: 10 | OH39: 18 | OR39: 10 | OX39: 16 | OZ39: 18 | PJ39: 10 | PR39: 18 | QB39: 10 | QJ39: 18 | QT39: 10 | RB39: 18 | RC39: 1 | RD39: 2 | RE39: 3 | RF39: 4 | RG39: 5 | RH39: 6 | RI39: 7 | RJ39: 8 | RK39: 9 | RL39: 10 | RM39: 11 | RN39: 12 | RO39: 13 | RP39: 14 | RQ39: 15 | RR39: 16 | RS39: 17 | RT39: 18 | RU39: 1 | RV39: 2 | RW39: 3 | RX39: 4 | RY39: 5 | RZ39: 6 | SA39: 7 | SB39: 8 | SC39: 9 | SD39: 10 | SE39: 11 | SF39: 12 | SG39: 13 | SH39: 14 | SI39: 15 | SJ39: 16 | SK39: 17 | SL39: 18 | SM39: 1 | SN39: 2 | SO39: 3 | SP39: 4 | SQ39: 5 | SR39: 6 | SS39: 7 | ST39: 8 | SU39: 9 | SV39: 10 | SW39: 11 | SX39: 12 | SY39: 13 | SZ39: 14 | TA39: 15 | TB39: 16 | TC39: 17 | TD39: 18 | TE39: 1 | TF39: 2 | TG39: 3 | TH39: 4 | TI39: 5 | TJ39: 6 | TK39: 7 | TL39: 8 | TM39: 9 | TN39: 10 | TO39: 11 | TP39: 12 | TQ39: 13 | TR39: 14 | TS39: 15 | TT39: 16 | TU39: 17 | TV39: 18 | TW39: 1 | TX39: 2 | TY39: 3 | TZ39: 4 | UA39: 5 | UB39: 6 | UC39: 7 | UD39: 8 | UE39: 9 | UF39: 10 | UG39: 11 | UH39: 12 | UI39: 13 | UJ39: 14 | UK39: 15 | UL39: 16 | UM39: 17 | UN39: 18 | UO39: 1 | UP39: 2 | UQ39: 3 | UR39: 4 | US39: 5 | UT39: 6 | UU39: 7 | UV39: 8 | UW39: 9 | UX39: 10 | UY39: 11 | UZ39: 12 | VA39: 13 | VB39: 14 | VC39: 15 | VD39: 16 | VE39: 17 | VF39: 18 | VG39: 1 | VH39: 2 | VI39: 3 | VJ39: 4 | VK39: 5 | VL39: 6 | VM39: 7 | VN39: 8 | VO39: 9 | VP39: 10 | VQ39: 11 | VR39: 12 | VS39: 13 | VT39: 14 | VU39: 15 | VV39: 16 | VW39: 17 | VX39: 18 | VY39: 1 | VZ39: 2 | WA39: 3 | WB39: 4 | WC39: 5 | WD39: 6 | WE39: 7 | WF39: 8 | WG39: 9 | WH39: 10 | WI39: 11 | WJ39: 12 | WK39: 13 | WL39: 14 | WM39: 15 | WN39: 16 | WO39: 17 | WP39: 18 | WQ39: 1 | WR39: 2 | WS39: 3 | WT39: 4 | WU39: 5 | WV39: 6 | WW39: 7 | WX39: 8 | WY39: 9 | WZ39: 10 | XA39: 11 | XB39: 12 | XC39: 13 | XD39: 14 | XE39: 15 | XF39: 16 | XG39: 17 | XH39: 18 | XI39: 1 | XJ39: 2 | XK39: 3 | XL39: 4 | XM39: 5 | XN39: 6 | XO39: 7 | XP39: 8 | XQ39: 9 | XR39: 10 | XS39: 11 | XT39: 12 | XU39: 13 | XV39: 14 | XW39: 15 | XX39: 16 | XY39: 17 | XZ39: 18 | YA39: 1 | YB39: 2 | YC39: 3 | YD39: 4 | YE39: 5 | YF39: 6 | YG39: 7 | YH39: 8 | YI39: 9 | YJ39: 10 | YK39: 11 | YL39: 12 | YM39: 13 | YN39: 14 | YO39: 15 | YP39: 16 | YQ39: 17 | YR39: 18 | YS39: 1 | YT39: 2 | YU39: 3 | YV39: 4 | YW39: 5 | YX39: 6 | YY39: 7 | YZ39: 8 | ZA39: 9 | ZB39: 10 | ZC39: 11 | ZD39: 12 | ZE39: 13 | ZF39: 14 | ZG39: 15 | ZH39: 16 | ZI39: 17 | ZJ39: 18 | ZK39: 1 | ZL39: 2 | ZM39: 3 | ZN39: 4 | ZO39: 5 | ZP39: 6 | ZQ39: 7 | ZR39: 8 | ZS39: 9 | ZT39: 10 | ZU39: 11 | ZV39: 12 | ZW39: 13 | ZX39: 14 | ZY39: 15 | ZZ39: 16 | AAA39: 17 | AAB39: 18 | AAC39: 1 | AAD39: 2 | AAE39: 3 | AAF39: 4 | AAG39: 5 | AAH39: 6 | AAI39: 7 | AAJ39: 8 | AAK39: 9 | AAL39: 10 | AAM39: 11 | AAN39: 12 | AAO39: 13 | AAP39: 14 | AAQ39: 15 | AAR39: 16 | AAS39: 17 | AAT39: 18 | AAU39: 1 | AAV39: 2 | AAW39: 3 | AAX39: 4 | AAY39: 5 | AAZ39: 6 | ABA39: 7 | ABB39: 8 | ABC39: 9 | ABD39: 10 | ABE39: 11 | ABF39: 12 | ABG39: 13 | ABH39: 14 | ABI39: 15 | ABJ39: 16 | ABK39: 17 | ABL39: 18 | ABM39: 1 | ABN39: 2 | ABO39: 3 | ABP39: 4 | ABQ39: 5 | ABR39: 6 | ABS39: 7 | ABT39: 8 | ABU39: 9 | ABV39: 10 | ABW39: 11 | ABX39: 12 | ABY39: 13 | ABZ39: 14 | ACA39: 15 | ACB39: 16 | ACC39: 17 | ACD39: 18 | ACE39: 1 | ACF39: 2 | ACG39: 3 | ACH39: 4 | ACI39: 5 | ACJ39: 6 | ACK39: 7 | ACL39: 8 | ACM39: 9 | ACN39: 10 | ACO39: 11 | ACP39: 12 | ACQ39: 13 | ACR39: 14 | ACS39: 15 | ACT39: 16 | ACU39: 17 | ACV39: 18 | ACW39: 1 | ACX39: 2 | ACY39: 3 | ACZ39: 4 | ADA39: 5 | ADB39: 6 | ADC39: 7 | ADD39: 8 | ADE39: 9 | ADF39: 10 | ADG39: 11 | ADH39: 12 | ADI39: 13 | ADJ39: 14 | ADK39: 15 | ADL39: 16 | ADM39: 17 | ADN39: 18 | ADO39: 1 | ADP39: 2 | ADQ39: 3 | ADR39: 4 | ADS39: 5 | ADT39: 6 | ADU39: 7 | ADV39: 8 | ADW39: 9 | ADX39: 10 | ADY39: 11 | ADZ39: 12 | AEA39: 13 | AEB39: 14 | AEC39: 15 | AED39: 16 | AEE39: 17 | AEF39: 18 | AEG39: 1 | AEH39: 2 | AEI39: 3 | AEJ39: 4 | AEK39: 5 | AEL39: 6 | AEM39: 7 | AEN39: 8 | AEO39: 9 | AEP39: 10 | AEQ39: 11 | AER39: 12 | AES39: 13 | AET39: 14 | AEU39: 15 | AEV39: 16 | AEW39: 17 | AEX39: 18 | AEY39: 1 | AEZ39: 2 | AFA39: 3 | AFB39: 4 | AFC39: 5 | AFD39: 6 | AFE39: 7 | AFF39: 8 | AFG39: 9 | AFH39: 10 | AFI39: 11 | AFJ39: 12 | AFK39: 13 | AFL39: 14 | AFM39: 15 | AFN39: 16 | AFO39: 17 | AFP39: 18 | AFQ39: 1 | AFR39: 2 | AFS39: 3 | AFT39: 4 | AFU39: 5 | AFV39: 6 | AFW39: 7 | AFX39: 8 | AFY39: 9 | AFZ39: 10 | AGA39: 11 | AGB39: 12 | AGC39: 13 | AGD39: 14 | AGE39: 15 | AGF39: 16 | AGG39: 17 | AGH39: 18
B40: 0.50694444 | C40: 10.3-254А Практический курс английского языка (Пр. 1-9 нед., 15-17 нед., 24 ч.), Гарифуллин А.Ф. // 10.3-652 Иностранный язык (Пр. 11-14 нед., 8 ч.), Хакимуллина Д.Ф. | U40: 10.3-441 Социокультурные ценности в образовании (Пр. 1-9 нед., 18 ч.), Овчинников А.А. // 10.3-631 Основы филологии (Пр. 11 нед., 2 ч.), Денмухаметова Э.Н. // 451, Шайхелисламова, перенос (12 нед.) // 452, Шайхелисламова, перенос (13 нед.) // 10.3-622А Практикум по чтению Пр., Калинина Г.С. (14 нед., 2 ч.) // 10.3-631 Древнерусская литература (Пр. 15 нед., 2 ч.), Нагуманова Э.Ф. // 10.3-253 Организация внеклассной работы по английскому языку (Пр. 16 нед., 2 ч.), Мифтахова Л.Б. // 10.3-342 Формирование универсальных учебных действий в обучении русскому языку (Пр. 17 нед., 2 ч.), Нуруллина Г.М. | AM40: 10.3-641 Иностранный язык (Пр. 1-9, 11-17 нед., 32 ч.), Бинкова Г.Р. | BE40: 10.3-622А Практическая грамматика (Пр. 1-9 нед., 18 ч.), Малинина А.М., ауд. 219 // 10.3-561, 10.3-562 Практический курс русского языка (Пр. 11-17 нед., 14 ч.), Карасева А.И. | BW40: 10.3-446 Методика написания курсовой работы (русский язык) (Пр. 1-9 нед., 18 ч.), Сабирова А.И. // 10.3-551 Практика по профилю подготовки (в области английского языка) (Пр. 11-17 нед., 14 ч.), Мубаракшина А.М. | CO40: 10.3-523Б Иностранный язык Пр., Алексеева Л.И. (1-9 нед., 11-17 нед., 32 ч.), ауд. 252а | DG40: 10.3-523А Практическая грамматика Пр., Коршунова А.А. (1-9 нед., 18 ч.), ауд. 301 // // 10.3-541 Возрастная психология (Пр. 11-16 нед., 12 ч.), Ганиева А.М. // 10.3-541 Методы психолого-педагогической подготовки и анализа данных (Пр. 17 нед., 2 ч.), Ганиева А.М. | DY40: 10.3-531А Безопасность жизнедеятельности (Лаб. 1-5 нед., 10 ч.), Дикопольская Н.Б., ауд. 302 // 10.3-531Б Безопасность жизнедеятельности (Лаб. 6-9, 11 нед., 10 ч.), Дикопольская Н.Б., ауд. 302 // 10.3-361, 10.3-362 ДВ Анализ поэтического текста в школе (Пр. 12-14 нед., 6 ч.), Котомцев Д.О. // 10.3-256 ФТД Практикум по культуре речевого общения на английском языке (Пр. 15-17 нед., 6 ч.), Шейнина Д.П. | EQ40: 10.3-252А Практический курс английского языка (Пр. 1-9 нед., 18 ч.), Вагнер К.Р. \\ 10.3-523А Практическая грамматика Пр., Коршунова А.А. (11-17 нед., 14 ч.), ауд. 303 | FI40: 10.3-432 Литература народов России (Л. 1-9, 11-14 нед., 26 ч., Пр. 15-17 нед., 6 ч.), Хабибуллина А.З. - 6 н перенос | GA40: 10.3-521Б Практическая грамматика Пр., Смоленцева Л.А. (1-9 нед., 11-17 нед., 32 ч.), ауд. 305 | GS40: 10.3-521А Практическая грамматика Пр., Хасанова Р.И. (1-9 нед., 11-17 нед., 32 ч.), ауд. 306 | HK40: 10.3-352 Методика обучения видам речевой деятельности (в области русского языка) (Пр. 1-2 нед., 4 ч.), Шамсутдинова А.И. // 10.3- 321 Современные направления в лингвистике Пр., Хайрутдинова А.М. (3 нед., 2 ч.), ауд. 307 \\ 10.3-323 Современные направления в лингвистике Пр., Хайрутдинова А.М. (4-5 нед., 4 ч.), ауд. 307 \\ 10.3-323 Филологический анализ текста Пр., Хайрутдинова А.М. (6 нед., 2 ч.), ауд. 307 \\ 10.3-361, 10.3-362 ДВ Выразительное чтение (Пр. 7-9 нед., 6 ч.), Котомцев Д.О. \\ 10.3-425 Теоретическая грамматика русского языка Пр., Залялова Р.Р. (11-17 нед., 14 ч.), ауд. 307 | IC40: 10.3-651 Введение в языкознание (Пр. 1-9, 11-17 нед., 32 ч.), Нурмухаметова Р.С. | IU40: 10.3-321, 10.3-322, 10.3-323, 10.3-324 Основы теории русского языка: общие вопросы Л., Спиридонов А.В. (1-2 нед., 4 ч.), ауд. 310 \\ 10.3-322 ФТД Методология научного исследования Пр., Языкова А.Ю. (3-9 нед., 11-12 нед., 18 ч.), ауд. 310 \\ 10.3-324 Современные направления в лингвистике Пр., Хайрутдинова А.М. (13-17 нед., 10 ч.), ауд. 310 | JM40: 10.3-353Б Практический курс русского языка (Пр. 1-2 нед., 4 ч.), Гусманова Д.Ш. // 10.3-352Б Практический курс русского языка (Пр. 3-6 нед., 8 ч.), Гусманова Д.Ш. \\ 10.3-324 Современные направления в лингвистике Пр., Хайрутдинова А.М. (7-9 нед., 6 ч.), ауд. 314 \\ 10.3-424 Методика преподавания русского языка как иностранного Пр., Мифтахова А.Н. (11-16 нед., 12 ч.), ауд. 314 \\ 10.3-423 Методика преподавания русского языка как иностранного Пр., Мифтахова А.Н. (17 нед., 2 ч.), ауд. 314 | KE40: 10.3-661 Введение в языкознание (Пр. 1-9, 11-17 нед., 32 ч.), Болгарова Р.М. | KW40: 10.3-254Б Практический курс английского языка (Пр. 1-9, 15-17 нед., 24 ч.), Гагарина В.Р. // 10.3-353Б Практический курс русского языка (Пр. 11-14 нед., 8 ч.), Гусманова Д.Ш. | LO40: 10.3-522Б Практическая грамматика Пр., Ильичева В.С. (1-9 нед., 11-12 нед., 22 ч.), ауд. 323 // 10.3-351А Практический курс английского языка (Пр. 13-14 нед., 4 ч.), Шейнина Д.П. (Мифтахова Л.Б.) \\ 10.3-252А Практический курс английского языка (Пр. 15-17 нед., 6 ч.), Вагнер К.Р. | MG40: 10.3-455 Основы медицинских знаний (Пр. 1-9 нед., 18 ч.), Шайхелисламова М.В. - 3 нед. перенос // 354, Шамсутдинова (3 нед.) // 10.3-445 Основы медицинских знаний (Пр. 11 нед., 2 ч.), Шайхелисламова М.В. // 10.3-531 Безопасность жизнедеятельности (Пр. 12-16 нед., 10 ч.), Дикопольская Н.Б., ауд. 348 // 10.3-253 Организация внеклассной работы по английскому языку (Пр. 17 нед., 2 ч.), Мифтахова Л.Б. | MY40: 10.3-341 История русского литературного языка (Пр. 1-9 нед., 18 ч.), Лукоянова Ю.К. // 10.3-441 Методика написания курсовой работы (Пр. 11-17 нед., 14 ч.), Тимуршина Д.И. | NQ40: 10.3-445 История русского литературного языка (Пр. 1-9 нед., 18 ч.), Карасева А.И. - 2 нед. перенос // 09.09 - заседание РЯМП // 10.3-455 Практический курс китайского языка (Пр. 11-17 нед., 14 ч.), Цзянаэргули Мухамайтихалиму | OI40: 10.3-332 Лингвоинформационное обеспечение редакторско-издательской деятельности (Л. 1-5 нед., 10 ч.), Вольская Ю.А. // 10.3-343 Организация внеурочной деятельности по русскому языку (Пр. 6-9 нед., 8 ч.), Абдуллина И.И. // 10.3-332 Лингвоинформационное обеспечение редакторско-издательской деятельности (Л. 11-14 нед., 8 ч.), Токсубаева А.А. // 10.3-446 Методика написания курсовой работы (русский язык) (Пр. 15-17 нед., 6 ч.), Сабирова А.И. | PA40: 10.3-461, 10.3-462 Зарубежная литература XIX века (Л. 1-9, 11-17 нед., 32 ч.), Зиннатуллина З.Р. | PS40: 10.3-253 Стилистика русского языка (Пр. 1-9 нед., 18 ч.), Ижбаева Г.Р. // 10.3-361, 10.3-362 ДВ Анализ поэтического текста в школе (Пр. 11 нед., 2 ч.), Котомцев Д.О. // 10.3-445 Теория и методика обучения русскому языку (Пр. 12-17 нед., 12 ч.), Юсупова З.Ф. | QK40: 10.3-421, 10.3-422, 10.3-423, 10.3-424, 10.3-425 Методика преподавания русского языка как иностранного Л., Мифтахова А.Н. (1-9 нед., 18 ч.), ауд. 342\343 \\ 10.3-446 Методика написания курсовой работы (русский язык) (Пр. 11 нед., 2 ч.), Сабирова А.И. // 10.3-352 ФТД Формирование языковой личности школьника на уроках русского языка (Пр. 12-17 нед., 12 ч.), Ижбаева Г.Р. | SM40: 10.3-256 Лингвострановедение (английский язык) (Пр. 1-9 нед., 18 ч.), Туганова С.В., ауд. 249(2) ДОТ: https://telemost.yandex.ru/j/77819180497511 | TE40: 10.3-601 Словообразование (л.2-6 нед., 10 ч.) Гайнутдинова А.Ф., ссылка: https://kpfu.mts-link.ru/j/102838221/1651238131//Лексикология русского языка (л. 11-15 нед., 10 ч. ) Габдреева Н.В., ссылка: https://telemost.360.yandex.ru/j/6722722669 | XI40: // 10.3-553А Практический курс английского языка (Пр. 11-14 нед., 8 ч.), Гарифуллин А.Ф., ауд. 171 | YS40: 10.3-531Б Безопасность жизнедеятельности (Лаб. 1-4 нед., 8 ч.), СЦ (ул. Карла Маркса, д. 74а) // 10.3-531А Безопасность жизнедеятельности (Лаб. 6-9 нед., 8 ч.), СЦ (ул. Карла Маркса, д. 74а) | ZK40: 10.3-631 Основы филологии (Л. 1-9 нед., 18 ч.), Денмухаметова Э.Н., ауд. 344/345 | AAC40: 10.3-321 Цифровые технологии в лингвистике Лаб., Хакимов Б.Э. (4-9 нед., 11-17 нед., 30 ч.), ауд. Edutech 326 | ACE40: 10.3-354 Теория и методика обучения английскому языку (Пр. 1-2 нед., 4 ч.), Литвиненко Е.В., ауд. 224 // 10.3-354 Методика обучения видам речевой деятельности (в области русского языка) (Пр. 3-9, 11-17 нед., 28 ч.), Шамсутдинова А.И., ауд. 334 // 10.3-352 ФТД Формирование языковой личности школьника на уроках русского языка (Пр. 11 нед., 2 ч.), Ижбаева Г.Р., ауд. | ACW40: 10.3-442 Теория и методика обучения русскому языку (Пр. 1-11 нед., 22 ч.), Юсупова З.Ф., ауд. 249(2) https://telemost.360.yandex.ru/j/9869473648 | ADO40: 10.3-622Б Коммуникативный практикум Пр., Залялова Р.Р. (3-9 нед., 14 ч.), ауд. 249(2) // 10.3-622А Практикум по чтению Пр., Калинина Г.С. (11-13, 15 нед., 8 ч.), ауд. 249(2) | AEG40: 10.3-653 Иностранный язык (Пр. 1-9 нед., 18 ч.), Измайлова Г.А. | AEY40: 10.3-621 Иностранный язык Пр., Курмаева И.И. (1-9 нед., 18 ч.), ауд. 249(3)
L41: 10 | T41: 18 | AD41: 10 | AL41: 18 | AV41: 10 | BD41: 18 | BN41: 10 | BV41: 18 | CF41: 10 | CN41: 18 | CX41: 10 | DF41: 18 | DP41: 10 | DX41: 18 | EH41: 10 | EP41: 18 | EZ41: 10 | FH41: 18 | FN41: 6 | FR41: 10 | FZ41: 18 | GJ41: 10 | GR41: 18 | HB41: 10 | HJ41: 18 | HT41: 10 | IB41: 18 | IL41: 10 | IT41: 18 | JD41: 10 | JL41: 18 | JV41: 10 | KD41: 18 | KN41: 10 | KV41: 18 | LF41: 10 | LN41: 18 | LX41: 10 | MF41: 18 | MP41: 10 | MX41: 18 | NH41: 10 | NP41: 18 | NZ41: 10 | OH41: 18 | OR41: 10 | OZ41: 18 | PJ41: 10 | PR41: 18 | QB41: 10 | QT41: 10 | RB41: 18 | RC41: 1 | RD41: 2 | RE41: 3 | RF41: 4 | RG41: 5 | RH41: 6 | RI41: 7 | RJ41: 8 | RK41: 9 | RL41: 10 | RM41: 11 | RN41: 12 | RO41: 13 | RP41: 14 | RQ41: 15 | RR41: 16 | RS41: 17 | RT41: 18 | RU41: 1 | RV41: 2 | RW41: 3 | RX41: 4 | RY41: 5 | RZ41: 6 | SA41: 7 | SB41: 8 | SC41: 9 | SD41: 10 | SE41: 11 | SF41: 12 | SG41: 13 | SH41: 14 | SI41: 15 | SJ41: 16 | SK41: 17 | SL41: 18 | SM41: 1 | SN41: 2 | SO41: 3 | SP41: 4 | SQ41: 5 | SR41: 6 | SS41: 7 | ST41: 8 | SU41: 9 | SV41: 10 | SW41: 11 | SX41: 12 | SY41: 13 | SZ41: 14 | TA41: 15 | TB41: 16 | TC41: 17 | TD41: 18 | TE41: 1 | TF41: 2 | TG41: 3 | TH41: 4 | TI41: 5 | TJ41: 6 | TK41: 7 | TL41: 8 | TM41: 9 | TN41: 10 | TO41: 11 | TP41: 12 | TQ41: 13 | TR41: 14 | TS41: 15 | TT41: 16 | TU41: 17 | TV41: 18 | TW41: 1 | TX41: 2 | TY41: 3 | TZ41: 4 | UA41: 5 | UB41: 6 | UC41: 7 | UD41: 8 | UE41: 9 | UF41: 10 | UG41: 11 | UH41: 12 | UI41: 13 | UJ41: 14 | UK41: 15 | UL41: 16 | UM41: 17 | UN41: 18 | UO41: 1 | UP41: 2 | UQ41: 3 | UR41: 4 | US41: 5 | UT41: 6 | UU41: 7 | UV41: 8 | UW41: 9 | UX41: 10 | UY41: 11 | UZ41: 12 | VA41: 13 | VB41: 14 | VC41: 15 | VD41: 16 | VE41: 17 | VF41: 18 | VG41: 1 | VH41: 2 | VI41: 3 | VJ41: 4 | VK41: 5 | VL41: 6 | VM41: 7 | VN41: 8 | VO41: 9 | VP41: 10 | VQ41: 11 | VR41: 12 | VS41: 13 | VT41: 14 | VU41: 15 | VV41: 16 | VW41: 17 | VX41: 18 | VY41: 1 | VZ41: 2 | WA41: 3 | WB41: 4 | WC41: 5 | WD41: 6 | WE41: 7 | WF41: 8 | WG41: 9 | WH41: 10 | WI41: 11 | WJ41: 12 | WK41: 13 | WL41: 14 | WM41: 15 | WN41: 16 | WO41: 17 | WP41: 18 | WQ41: 1 | WR41: 2 | WS41: 3 | WT41: 4 | WU41: 5 | WV41: 6 | WW41: 7 | WX41: 8 | WY41: 9 | WZ41: 10 | XA41: 11 | XB41: 12 | XC41: 13 | XD41: 14 | XE41: 15 | XF41: 16 | XG41: 17 | XH41: 18 | XI41: 1 | XJ41: 2 | XK41: 3 | XL41: 4 | XM41: 5 | XN41: 6 | XO41: 7 | XP41: 8 | XQ41: 9 | XR41: 10 | XS41: 11 | XT41: 12 | XU41: 13 | XV41: 14 | XW41: 15 | XX41: 16 | XY41: 17 | XZ41: 18 | YA41: 1 | YB41: 2 | YC41: 3 | YD41: 4 | YE41: 5 | YF41: 6 | YG41: 7 | YH41: 8 | YI41: 9 | YJ41: 10 | YK41: 11 | YL41: 12 | YM41: 13 | YN41: 14 | YO41: 15 | YP41: 16 | YQ41: 17 | YR41: 18 | YS41: 1 | YT41: 2 | YU41: 3 | YV41: 4 | YW41: 5 | YX41: 6 | YY41: 7 | YZ41: 8 | ZA41: 9 | ZB41: 10 | ZC41: 11 | ZD41: 12 | ZE41: 13 | ZF41: 14 | ZG41: 15 | ZH41: 16 | ZI41: 17 | ZJ41: 18 | ZK41: 1 | ZL41: 2 | ZM41: 3 | ZN41: 4 | ZO41: 5 | ZP41: 6 | ZQ41: 7 | ZR41: 8 | ZS41: 9 | ZT41: 10 | ZU41: 11 | ZV41: 12 | ZW41: 13 | ZX41: 14 | ZY41: 15 | ZZ41: 16 | AAA41: 17 | AAB41: 18 | AAC41: 1 | AAD41: 2 | AAE41: 3 | AAF41: 4 | AAG41: 5 | AAH41: 6 | AAI41: 7 | AAJ41: 8 | AAK41: 9 | AAL41: 10 | AAM41: 11 | AAN41: 12 | AAO41: 13 | AAP41: 14 | AAQ41: 15 | AAR41: 16 | AAS41: 17 | AAT41: 18 | AAU41: 1 | AAV41: 2 | AAW41: 3 | AAX41: 4 | AAY41: 5 | AAZ41: 6 | ABA41: 7 | ABB41: 8 | ABC41: 9 | ABD41: 10 | ABE41: 11 | ABF41: 12 | ABG41: 13 | ABH41: 14 | ABI41: 15 | ABJ41: 16 | ABK41: 17 | ABL41: 18 | ABM41: 1 | ABN41: 2 | ABO41: 3 | ABP41: 4 | ABQ41: 5 | ABR41: 6 | ABS41: 7 | ABT41: 8 | ABU41: 9 | ABV41: 10 | ABW41: 11 | ABX41: 12 | ABY41: 13 | ABZ41: 14 | ACA41: 15 | ACB41: 16 | ACC41: 17 | ACD41: 18 | ACE41: 1 | ACF41: 2 | ACG41: 3 | ACH41: 4 | ACI41: 5 | ACJ41: 6 | ACK41: 7 | ACL41: 8 | ACM41: 9 | ACN41: 10 | ACO41: 11 | ACP41: 12 | ACQ41: 13 | ACR41: 14 | ACS41: 15 | ACT41: 16 | ACU41: 17 | ACV41: 18 | ACW41: 1 | ACX41: 2 | ACY41: 3 | ACZ41: 4 | ADA41: 5 | ADB41: 6 | ADC41: 7 | ADD41: 8 | ADE41: 9 | ADF41: 10 | ADG41: 11 | ADH41: 12 | ADI41: 13 | ADJ41: 14 | ADK41: 15 | ADL41: 16 | ADM41: 17 | ADN41: 18 | ADO41: 1 | ADP41: 2 | ADQ41: 3 | ADR41: 4 | ADS41: 5 | ADT41: 6 | ADU41: 7 | ADV41: 8 | ADW41: 9 | ADX41: 10 | ADY41: 11 | ADZ41: 12 | AEA41: 13 | AEB41: 14 | AEC41: 15 | AED41: 16 | AEE41: 17 | AEF41: 18 | AEG41: 1 | AEH41: 2 | AEI41: 3 | AEJ41: 4 | AEK41: 5 | AEL41: 6 | AEM41: 7 | AEN41: 8 | AEO41: 9 | AEP41: 10 | AEQ41: 11 | AER41: 12 | AES41: 13 | AET41: 14 | AEU41: 15 | AEV41: 16 | AEW41: 17 | AEX41: 18 | AEY41: 1 | AEZ41: 2 | AFA41: 3 | AFB41: 4 | AFC41: 5 | AFD41: 6 | AFE41: 7 | AFF41: 8 | AFG41: 9 | AFH41: 10 | AFI41: 11 | AFJ41: 12 | AFK41: 13 | AFL41: 14 | AFM41: 15 | AFN41: 16 | AFO41: 17 | AFP41: 18 | AFQ41: 1 | AFR41: 2 | AFS41: 3 | AFT41: 4 | AFU41: 5 | AFV41: 6 | AFW41: 7 | AFX41: 8 | AFY41: 9 | AFZ41: 10 | AGA41: 11 | AGB41: 12 | AGC41: 13 | AGD41: 14 | AGE41: 15 | AGF41: 16 | AGG41: 17 | AGH41: 18
